Workbook

Sheet MATERIAL BALANCE
A2: NATURAL GAS | C2: =C4/0.97 -> 1430.7732 | E2: DESULPHARISER | J2: PRIMARY REFORMER | M2: =0.7 -> 0.7 | O2: AIR | P2: =P4/0.78 -> 2138.5641 | S2: SECONDARY REFORMER | U2: 0.95 | X2: WATER GAS SHIFT REACTION | AA2: =0.95 -> 0.95 | AC2: CO2 REMOVAL | AG2: OXIDATION | AM2: PREESURE SWING ADSORPTION | AQ2: HB COMPRESSOR | AV2: REACTOR | BA2: RECYCLE | BB2: =4.5 -> 4.5 | BD2: PURGE | BG2: PRODUCT
E3: INPUT | G3: OUTPUT | J3: INPUT | L3: OUTPUT | R3: INPUT | T3: OUTPUT | W3: INPUT | Y3: OUTPUT | AB3: INLET | AD3: OUTLET | AG3: INLET | AI3: OUTLET | AL3: INLET | AN3: OUTLET | AQ3: INLET | AS3: OUTLET | AV3: INLET | AX3: OUTLET
B4: CH4 | C4: =1387.85 -> 1387.85 | E4: CH4 | F4: =C4 -> 1387.85 | G4: H2O | H4: =F5 -> 42.923196 | J4: H2O | K4: =3*H6 -> 4163.55 | L4: CH4 | M4: =416.35 -> 416.35 | O4: N2 | P4: =AR4 -> 1668.08 | R4: N2 | S4: =P4 -> 1668.08 | T4: N2 | U4: =S4 -> 1668.08 | W4: N2 | X4: =U4 -> 1668.08 | Y4: N2 | Z4: =X4 -> 1668.08 | AB4: N2 | AC4: =Z4 -> 1668.08 | AD4: N2 | AE4: =AC4 -> 1668.08 | AG4: N2 | AH4: =AE4 -> 1668.08 | AI4: N2 | AJ4: =AH4 -> 1668.08 | AL4: N2 | AM4: =AR4 -> 1668.08 | AN4: N2 | AO4: =AR4 -> 1668.08 | AQ4: N2 | AR4: =1668.08 -> 1668.08 | AS4: N2 | AT4: =AW4 -> 9191.1765 | AV4: N2 | AW4: =AY7/(2*0.16) -> 9191.1765 | AX4: N2 | AY4: =0.84*AW4 -> 7720.5882 | BA4: N2 | BB4: =BB2*AR4 -> 7506.36 | BD4: N2 | BE4: =AY4-BB4 -> 214.22824 | BG4: NH3
B5: H2S | C5: =C2*0.03 -> 42.923196 | E5: H2S | F5: =C5 -> 42.923196 | G5: ZnS | H5: =F6 -> 42.923196 | J5: CH4 | K5: =H6 -> 1387.85 | L5: CO | M5: =L13 -> 971.5 | O5: O2 | P5: =P2*0.21 -> 449.09846 | R5: O2 | S5: =P5 -> 449.09846 | T5: O2 | U5: =S5-(0.5*T14) -> 251.33221 | W5: O2 | X5: =U5 -> 251.33221 | Y5: O2 | Z5: =X5 -> 251.33221 | AB5: O2 | AC5: =Z5 -> 251.33221 | AD5: O2 | AE5: =AC5 -> 251.33221 | AG5: O2 | AH5: =AE5 -> 251.33221 | AI5: O2 | AJ5: =AH5-AI14 -> 217.1564 | AL5: O2 | AM5: =AJ5 -> 217.1564 | AN5: O2 | AO5: =AM5 -> 217.1564 | AQ5: H2 | AR5: =AO8 -> 5004.2459 | AS5: H2 | AT5: =AW5 -> 27573.529 | AV5: H2 | AW5: =3*AW4 -> 27573.529 | AX5: H2 | AY5: =AW5-3*AX11 -> 23161.765 | BA5: H2 | BB5: =4.5*AR5 -> 22519.106 | BD5: H2 | BE5: =AY5-BB5 -> 642.65827 | BG5: =((50*1000)/17) -> 2941.1765
E6: ZnO | F6: =C5 -> 42.923196 | G6: CH4 | H6: =F4 -> 1387.85 | L6: H2 | M6: =3*L13 -> 2914.5 | O6: INERT | P6: =AR6 -> 19.58 | R6: INERT | S6: =P6 -> 19.58 | T6: INERT | U6: =S6 -> 19.58 | W6: INERT | X6: =U6 -> 19.58 | Y6: INERT | Z6: =X6 -> 19.58 | AB6: INERT | AC6: =Z6 -> 19.58 | AD6: INERT | AE6: =AC6 -> 19.58 | AG6: INERT | AH6: =AE6 -> 19.58 | AI6: INERT | AJ6: =AH6 -> 19.58 | AL6: INERT | AM6: =AJ6 -> 19.58 | AN6: INERT | AO6: =AM6 -> 19.58 | AQ6: INERT | AR6: =19.58 -> 19.58 | AS6: INERT | AT6: =AR6+BB6 -> 107.69 | AV6: INERT | AW6: =AT6 -> 107.69 | AX6: INERT | AY6: =AW6 -> 107.69 | BA6: INERT | BB6: =4.5*AR6 -> 88.11 | BD6: INERT | BE6: =AY6-BB6 -> 19.58
L7: H2O | M7: =K4-L13 -> 3192.05 | R7: CH4 | S7: =M4 -> 416.35 | T7: CH4 | U7: =(1-U2)*S7 -> 20.8175 | W7: CH4 | X7: =U7 -> 20.8175 | Y7: CH4 | Z7: =X7 -> 20.8175 | AB7: CH4 | AC7: =Z7 -> 20.8175 | AD7: CH4 | AE7: =AC7 -> 20.8175 | AG7: CH4 | AH7: =AE7 -> 20.8175 | AI7: CH4 | AJ7: =AH7 -> 20.8175 | AL7: CH4 | AM7: =AJ7 -> 20.8175 | AN7: CH4 | AO7: =AM7 -> 20.8175 | AX7: NH3 | AY7: =BG5 -> 2941.1765
R8: CO | S8: =M5 -> 971.5 | T8: H2 | U8: =S9+2*T14 -> 3705.565 | W8: H2 | X8: =U8 -> 3705.565 | Y8: H2 | Z8: =X8+Y14 -> 5004.2459 | AB8: H2 | AC8: =Z8 -> 5004.2459 | AD8: H2 | AE8: =AC8 -> 5004.2459 | AG8: H2 | AH8: =AE8 -> 5004.2459 | AI8: H2 | AJ8: =AH8 -> 5004.2459 | AL8: H2 | AM8: =AJ8 -> 5004.2459 | AN8: H2 | AO8: =AM8 -> 5004.2459 | BE8: =SUM(BE4:BE6) -> 876.4665
R9: H2 | S9: =M6 -> 2914.5 | T9: CO | U9: =S8+T14 -> 1367.0325 | W9: CO | X9: =U9 -> 1367.0325 | Y9: CO | Z9: =X9*(1-AA2) -> 68.351625 | AB9: CO | AC9: =Z9 -> 68.351625 | AD9: CO | AE9: =AC9 -> 68.351625 | AG9: CO | AH9: =AE9 -> 68.351625 | AI9: CO2 | AJ9: =2*AI14 -> 68.351625 | AL9: CO2 | AM9: =AJ9 -> 68.351625 | AN9: H2O | AO9: =AM10 -> 594.68825 | BB9: =SUM(BB4:BB5) -> 30025.466
R10: H2O | S10: =M7 -> 3192.05 | T10: H2O | U10: =S10 -> 3192.05 | W10: H2O | X10: =U10 -> 3192.05 | Y10: H2O | Z10: =X10-Y14 -> 1893.3691 | AB10: H2O | AC10: =Z10 -> 1893.3691 | AD10: H2O | AE10: =AC10-AD14 -> 594.68825 | AG10: H2O | AH10: =AE10 -> 594.68825 | AI10: H2O | AJ10: =AH10 -> 594.68825 | AL10: H2O | AM10: =AJ10 -> 594.68825 | AN10: CO2 | AO10: =0 -> 0 | BB10: =BB9*BE10 -> 670.75996 | BD10: inert percentage | BE10: =BE6/(BE6+BE5+BE4) -> 0.022339701
Y11: CO2 | Z11: =Y14 -> 1298.6809 | AB11: CO2 | AC11: =Z11 -> 1298.6809 | AD11: KHCO3 | AE11: =2*AD14 -> 2597.3617 | AG11: CO2 | AH11: =0 -> 0 | AI11: CO | AJ11: =0 -> 0 | AW11: e | AX11: =(AY7-0)/2 -> 1470.5882 | BB11: =1-BE10 -> 0.9776603
AB12: K2CO3 | AC12: =AD14 -> 1298.6809 | AD12: CO2 | AE12: 0
F13: e | G13: =(H5-0)/1 -> 42.923196 | K13: e | L13: =(M4-K5)/-1 -> 971.5
S14: e | T14: =(U7-S7)/-1 -> 395.5325 | X14: e | Y14: =(Z9-X9)/-1 -> 1298.6809 | AC14: e | AD14: =(AE12-AC11)/-1 -> 1298.6809 | AH14: e | AI14: =(0-AH9)/-2 -> 34.175813
AZ15: `

Sheet ENERGY BALANCE
F1: DESULPURISATION
T2: PREHEATER | U2: (After De Sulpurisation)
U3: c | V3: K
A4: NATURAL GAS | C4: DESULPHARISATION | T4: Tin | U4: 300 | V4: =U4+273.15 -> 573.15
A5: =25+273.15 -> 298.15 | B5: =A5-273.15 -> 25 | C5: =300+273.15 -> 573.15 | D5: =C5-273.15 -> 300 | T5: Tout | U5: 850 | V5: =U5+273.15 -> 1123.15
E6: 1 | F6: T | G6: T^2 | H6: T^-2 | J6: R | K6: 8.314
C7: delHr | E7: A | F7: B | G7: C | H7: D | U7: Cp | V7: A | W7: B | X7: C | Y7: D
C8: =-78 -> -78 | F8: =0.001 -> 0.001 | G8: =0.000001 -> 1e-06 | H8: =100000 -> 100000 | V8: 1 | W8: =0.001 -> 0.001 | X8: =0.000001 -> 1e-06 | Y8: =100000 -> 100000
A9: CH4 | B9: =('MATERIAL BALANCE'!F4)/(60*60*24) -> 0.016063079 | E9: 1.702 | F9: 9.081 | G9: -2.164 | H9: 0 | J9: =E9*($B$18-$B$19) -> -468.05 | K9: =(F9*$F$8*($B$18^2-B$19^2))*(1/2) -> -1087.9379 | L9: =(1/3)*G9*$G$8*($B$18^3-$B$19^3) -> 116.69495 | M9: =H9*$H$8*(1/$B$18-1/$B$19) -> 0 | O9: =SUM(J9:M9) -> -1439.2929 | P9: =O9*B9*$K$6 -> -192.21532 | T9: CH4 | V9: 1.702 | W9: 9.081 | X9: -2.164 | Y9: 0 | AA9: =V9*($V$5-$V$4) -> 936.1 | AB9: =(W9*$W$8*($V$5^2-$V$4^2))*(1/2) -> 4236.1276 | AC9: =(1/3)*X9*$X$8*($V$5^3-$V$4^3) -> -886.18335 | AD9: =Y9*$Y$8*(1/$V$5-1/$V$4) -> 0 | AF9: =SUM(AA9:AD9) -> 4286.0442 | AG9: =1387.9/(60*60*24) -> 0.016063657 | AH9: =AF9*AG9*8.314 -> 572.41513
A10: H2S | B10: =('MATERIAL BALANCE'!F5)/(60*60*24) -> 0.00049679625 | E10: 3.931 | F10: 1.49 | G10: 0 | H10: -0.232 | J10: =E10*($B$18-$B$19) -> -1081.025 | K10: =(F10*$F$8*($B$18^2-B$19^2))*(1/2) -> -178.50759 | L10: =(1/3)*G10*$G$8*($B$18^3-$B$19^3) -> 0 | M10: =H10*$H$8*(1/$B$18-1/$B$19) -> -37.335121 | O10: =SUM(J10:M10) -> -1296.8677 | P10: =O10*B10*$K$6 -> -5.3565357 | T10: H2S | V10: 3.931 | W10: 1.49 | X10: 0 | Y10: -0.232 | AA10: =V10*($V$5-$V$4) -> 2162.05 | AB10: =(W10*$W$8*($V$5^2-$V$4^2))*(1/2) -> 695.05893 | AC10: =(1/3)*X10*$X$8*($V$5^3-$V$4^3) -> 0 | AD10: =Y10*$Y$8*(1/$V$5-1/$V$4) -> 19.82187 | AF10: =SUM(AA10:AD10) -> 2876.9308 | AG10: ='MATERIAL BALANCE'!C5/(60*60*24) -> 0.00049679625 | AH10: =AF10*AG10*8.314 -> 11.882771 | AI10: =SUM(AH9:AH10) -> 584.2979 | AJ10: DH
A11: ZnO | B11: =('MATERIAL BALANCE'!F6)/(60*60*24) -> 0.00049679625 | E11: 45.91 | F11: 9.089 | G11: 4.159 | H11: -6.04976 | J11: =E11*($B$18-$B$19) -> -12625.25 | K11: =(F11*$F$8*($B$18^2-B$19^2))*(1/2) -> -1088.8963 | L11: =(1/3)*G11*$G$8*($B$18^3-$B$19^3) -> -224.27647 | M11: =H11*$H$8*(1/$B$18-1/$B$19) -> -973.57123 | O11: =SUM(J11:M11) -> -14911.994 | P11: =O11*B11*$K$6 -> -61.591963 | Q11: =SUM(P9:P11) -> -259.16382
T13: PREHEATER | U13: (Before Secondry Reformer)
A14: H2O | B14: =('MATERIAL BALANCE'!H4)/(60*60*24) -> 0.00049679625 | E14: 3.47 | F14: 1.45 | G14: 0 | H14: 0.121 | J14: =E14*($B$18-$B$19) -> -954.25 | K14: =(F14*$F$8*($B$18^2-B$19^2))*(1/2) -> -173.71544 | L14: =(1/3)*G14*$G$8*($B$18^3-$B$19^3) -> 0 | M14: =H14*$H$8*(1/$B$18-1/$B$19) -> 19.472197 | O14: =SUM(J14:M14) -> -1108.4932 | P14: =O14*B14*$K$6 -> -4.5784806
A15: ZnS | B15: =('MATERIAL BALANCE'!H5)/(60*60*24) -> 0.00049679625 | E15: 43.11 | F15: =0.012658*1000 -> 12.658 | G15: =-1.122 -> -1.122 | H15: =2.48 -> 2.48 | J15: =E15*($B$18-$B$19) -> -11855.25 | K15: =(F15*$F$8*($B$18^2-B$19^2))*(1/2) -> -1516.4759 | L15: =(1/3)*G15*$G$8*($B$18^3-$B$19^3) -> 60.504497 | M15: =H15*$H$8*(1/$B$18-1/$B$19) -> 399.09957 | O15: =SUM(J15:M15) -> -12912.122 | P15: =O15*B15*$K$6 -> -53.331763 | T15: Tin | U15: 25 | V15: 298.15
A16: CH4 | B16: =('MATERIAL BALANCE'!H6)/(60*60*24) -> 0.016063079 | E16: 1.702 | F16: 9.081 | G16: -2.164 | H16: 0 | J16: =E16*($B$18-$B$19) -> -468.05 | K16: =(F16*$F$8*($B$18^2-B$19^2))*(1/2) -> -1087.9379 | L16: =(1/3)*G16*$G$8*($B$18^3-$B$19^3) -> 116.69495 | M16: =H16*$H$8*(1/$B$18-1/$B$19) -> 0 | O16: =SUM(J16:M16) -> -1439.2929 | P16: =O16*B16*$K$6 -> -192.21532 | Q16: =SUM(P14:P16) -> -250.12556 | T16: Tout | U16: 500 | V16: =273.15+U16 -> 773.15
A18: Tin | B18: 298.15 | U18: Cp | V18: A | W18: B | X18: C | Y18: D
A19: Tout | B19: 573.15 | P19: DH | Q19: =(Q16+Q11)+('MATERIAL BALANCE'!G13*C8*1000/(24*60*60)) -> -548.03948 | V19: 1 | W19: =0.001 -> 0.001 | X19: =0.000001 -> 1e-06 | Y19: =100000 -> 100000
T20: O2 | V20: 3.639 | W20: 0.506 | X20: 0 | Y20: -0.227 | AA20: =V20*($V$16-$V$15) -> 1728.525 | AB20: =(W20*$W$8*($V$16^2-$V$15^2))*(1/2) -> 128.74348 | AC20: =(1/3)*X20*$X$8*($V$16^3-$V$15^3) -> 0 | AD20: =Y20*$Y$8*(1/$V$16-1/$V$15) -> 46.775764 | AF20: =SUM(AA20:AD20) -> 1904.0442 | AG20: ='MATERIAL BALANCE'!P5/(60*60*24) -> 0.0051978989 | AH20: =AF20*AG20*8.314 -> 82.283902
T21: N2 | V21: 3.28 | W21: 0.593 | X21: 0 | Y21: 0.04 | AA21: =V21*($V$16-$V$15) -> 1558 | AB21: =(W21*$W$8*($V$16^2-$V$15^2))*(1/2) -> 150.87921 | AC21: =(1/3)*X21*$X$8*($V$16^3-$V$15^3) -> 0 | AD21: =Y21*$Y$8*(1/$V$16-1/$V$15) -> -8.2424254 | AF21: =SUM(AA21:AD21) -> 1700.6368 | AG21: ='MATERIAL BALANCE'!P4/(60*60*24) -> 0.019306481 | AH21: =AF21*AG21*8.314 -> 272.97616
A22: rT | B22: 298.15 | F22: PRIMARY REFORMER | T22: INERT | V22: 20.786 | W22: 0.123 | X22: =-0.136 -> -0.136 | Y22: 0 | AA22: =V22*($V$16-$V$15) -> 9873.35 | AB22: =(W22*$W$8*($V$16^2-$V$15^2))*(1/2) -> 31.295351 | AC22: =(1/3)*X22*$X$8*($V$16^3-$V$15^3) -> -19.749706 | AD22: =Y22*$Y$8*(1/$V$16-1/$V$15) -> 0 | AF22: =SUM(AA22:AD22) -> 9884.8956 | AG22: ='MATERIAL BALANCE'!P6/(60*60*24) -> 0.00022662037 | AH22: =AF22*AG22*8.314 -> 18.624347 | AI22: =SUM(AH20:AH22) -> 373.88441 | AJ22: DH
A24: INPUTS | D24: del Hr | E24: =206 -> 206 | T24: COOLER | U24: (Before Water gas shift reaction)
A26: Steam | B26: 400 | C26: =B26+273.15 -> 673.15 | T26: Tin | U26: 1000 | V26: =273.15+U26 -> 1273.15
A27: H2O | B27: =('MATERIAL BALANCE'!K4)/(60*60*24) -> 0.048189236 | E27: 3.47 | F27: 1.45 | G27: 0 | H27: 0.121 | J27: =E27*($B$22-$C26) -> -1301.25 | K27: =(F27*$F$8*($B$22^2-$C26^2))*(1/2) -> -264.07219 | L27: =(1/3)*G27*$G$8*($B$22^3-$C26^3) -> 0 | M27: =H27*$H$8*(1/$B$22-1/$C26) -> 22.608408 | O27: =SUM(J27:M27) -> -1542.7138 | P27: =O27*B27*$K$6 -> -618.08104 | T27: Tout | U27: 350 | V27: =273.15+U27 -> 623.15
B29: 850 | C29: =B29+273.15 -> 1123.15 | U29: Cp | V29: A | W29: B | X29: C | Y29: D
A30: CH4 | B30: =('MATERIAL BALANCE'!K5)/(60*60*24) -> 0.016063079 | E30: 1.702 | F30: 9.081 | G30: -2.164 | H30: 0 | J30: =E30*($B$22-$C29) -> -1404.15 | K30: =(F30*$F$8*($B$22^2-$C29^2))*(1/2) -> -5324.0654 | L30: =(1/3)*G30*$G$8*($B$22^3-$C29^3) -> 1002.8783 | M30: =H30*$H$8*(1/$B$22-1/$C29) -> 0 | O30: =SUM(J30:M30) -> -5725.3371 | P30: =O30*B30*$K$6 -> -764.60982 | Q30: =SUM(P27:P30) -> -1382.6909 | V30: 1 | W30: =0.001 -> 0.001 | X30: =0.000001 -> 1e-06 | Y30: =100000 -> 100000
T31: N2 | V31: 3.28 | W31: 0.593 | X31: 0 | Y31: 0.04 | AA31: =V31*($V$27-$V$26) -> -2132 | AB31: =(W31*$W$8*($V$27^2-$V$26^2))*(1/2) -> -365.46442 | AC31: =(1/3)*X31*$X$8*($V$27^3-$V$26^3) -> 0 | AD31: =Y31*$Y$8*(1/$V$27-1/$V$26) -> 3.2771866 | AF31: =SUM(AA31:AD31) -> -2494.1872 | AG31: ='MATERIAL BALANCE'!U4/(60*60*24) -> 0.019306481 | AH31: =AF31*AG31*8.314 -> -400.35219
A32: OUTPUTS | T32: O2 | V32: 3.639 | W32: 0.506 | X32: 0 | Y32: -0.227 | AA32: =V32*($V$27-$V$26) -> -2365.35 | AB32: =(W32*$W$8*($V$27^2-$V$26^2))*(1/2) -> -311.84654 | AC32: =(1/3)*X32*$X$8*($V$27^3-$V$26^3) -> 0 | AD32: =Y32*$Y$8*(1/$V$27-1/$V$26) -> -18.598034 | AF32: =SUM(AA32:AD32) -> -2695.7946 | AG32: ='MATERIAL BALANCE'!U5/(60*60*24) -> 0.0029089376 | AH32: =AF32*AG32*8.314 -> -65.197542
T33: CH4 | V33: 1.702 | W33: 9.081 | X33: -2.164 | Y33: 0 | AA33: =V33*($V$27-$V$26) -> -1106.3 | AB33: =(W33*$W$8*($V$27^2-$V$26^2))*(1/2) -> -5596.5976 | AC33: =(1/3)*X33*$X$8*($V$27^3-$V$26^3) -> 1314.0412 | AD33: =Y33*$Y$8*(1/$V$27-1/$V$26) -> 0 | AF33: =SUM(AA33:AD33) -> -5388.8564 | AG33: ='MATERIAL BALANCE'!U7/(60*60*24) -> 0.00024094329 | AH33: =AF33*AG33*8.314 -> -10.794971
A34: PR T | B34: 900 | C34: =273.15+B34 -> 1173.15 | T34: H2 | V34: 3.249 | W34: 0.422 | X34: 0 | Y34: 0.083 | AA34: =V34*($V$27-$V$26) -> -2111.85 | AB34: =(W34*$W$8*($V$27^2-$V$26^2))*(1/2) -> -260.07755 | AC34: =(1/3)*X34*$X$8*($V$27^3-$V$26^3) -> 0 | AD34: =Y34*$Y$8*(1/$V$27-1/$V$26) -> 6.8001623 | AF34: =SUM(AA34:AD34) -> -2365.1274 | AG34: ='MATERIAL BALANCE'!U8/(60*60*24) -> 0.042888484 | AH34: =AF34*AG34*8.314 -> -843.34495
A35: CH4 | B35: =('MATERIAL BALANCE'!M4)/(60*60*24) -> 0.0048188657 | E35: 1.702 | F35: 9.081 | G35: -2.164 | H35: 0 | J35: =-E35*($B$22-$C34) -> 1489.25 | K35: =-1*(F35*$F$8*($B$22^2-$C34^2))*(1/2) -> 5845.3829 | L35: =-1*(1/3)*G35*$G$8*($B$22^3-$C$34^3) -> -1145.5353 | M35: =-1*H35*$H$8*(1/$B$22-1/$C$34) -> 0 | O35: =SUM(J35:M35) -> 6189.0976 | P35: =O35*B35*$K$6 -> 247.96032 | T35: CO | V35: 3.376 | W35: 0.557 | X35: 0 | Y35: -0.031 | AA35: =V35*($V$27-$V$26) -> -2194.4 | AB35: =(W35*$W$8*($V$27^2-$V$26^2))*(1/2) -> -343.27771 | AC35: =(1/3)*X35*$X$8*($V$27^3-$V$26^3) -> 0 | AD35: =Y35*$Y$8*(1/$V$27-1/$V$26) -> -2.5398196 | AF35: =SUM(AA35:AD35) -> -2540.2175 | AG35: ='MATERIAL BALANCE'!U9/(60*60*24) -> 0.015822135 | AH35: =AF35*AG35*8.314 -> -334.15351
A36: CO | B36: =('MATERIAL BALANCE'!M5)/(60*60*24) -> 0.011244213 | E36: 3.376 | F36: 0.557 | G36: 0 | H36: -0.031 | J36: =-E36*($B$22-$C34) -> 2954 | K36: =-1*(F36*$F$8*($B$22^2-$C34^2))*(1/2) -> 358.53742 | L36: =-1*(1/3)*G36*$G$8*($B$22^3-$C$34^3) -> 0 | M36: =-1*H36*$H$8*(1/$B$22-1/$C$34) -> 7.7549926 | O36: =SUM(J36:M36) -> 3320.2924 | P36: =O36*B36*$K$6 -> 310.3955 | T36: H2O | V36: 3.47 | W36: 1.45 | X36: 0 | Y36: 0.121 | AA36: =V36*($V$27-$V$26) -> -2255.5 | AB36: =(W36*$W$8*($V$27^2-$V$26^2))*(1/2) -> -893.63138 | AC36: =(1/3)*X36*$X$8*($V$27^3-$V$26^3) -> 0 | AD36: =Y36*$Y$8*(1/$V$27-1/$V$26) -> 9.9134896 | AF36: =SUM(AA36:AD36) -> -3139.2179 | AG36: ='MATERIAL BALANCE'!U10/(60*60*24) -> 0.036945023 | AH36: =AF36*AG36*8.314 -> -964.24506
A37: H2 | B37: =('MATERIAL BALANCE'!M6)/(60*60*24) -> 0.033732639 | E37: 3.249 | F37: 0.422 | G37: 0 | H37: 0.083 | J37: =-E37*($B$22-$C34) -> 2842.875 | K37: =-1*(F37*$F$8*($B$22^2-$C34^2))*(1/2) -> 271.63876 | L37: =-1*(1/3)*G37*$G$8*($B$22^3-$C$34^3) -> 0 | M37: =-1*H37*$H$8*(1/$B$22-1/$C$34) -> -20.763367 | O37: =SUM(J37:M37) -> 3093.7504 | P37: =O37*B37*$K$6 -> 867.65207 | T37: INERT | V37: 20.786 | W37: 0.123 | X37: =-0.136 -> -0.136 | Y37: 0 | AA37: =V37*($V$27-$V$26) -> -13510.9 | AB37: =(W37*$W$8*($V$27^2-$V$26^2))*(1/2) -> -75.804593 | AC37: =(1/3)*X37*$X$8*($V$27^3-$V$26^3) -> 82.582993 | AD37: =Y37*$Y$8*(1/$V$27-1/$V$26) -> 0 | AF37: =SUM(AA37:AD37) -> -13504.122 | AG37: ='MATERIAL BALANCE'!U6/(60*60*24) -> 0.00022662037 | AH37: =AF37*AG37*8.314 -> -25.443409 | AI37: =SUM(AH31:AH37) -> -2643.5316 | AJ37: DH
A38: H2O | B38: =('MATERIAL BALANCE'!M7)/(60*60*24) -> 0.036945023 | E38: 3.47 | F38: 1.45 | G38: 0 | H38: 0.121 | J38: =-E38*($B$22-$C34) -> 3036.25 | K38: =-1*(F38*$F$8*($B$22^2-$C34^2))*(1/2) -> 933.35594 | L38: =-1*(1/3)*G38*$G$8*($B$22^3-$C$34^3) -> 0 | M38: =-1*H38*$H$8*(1/$B$22-1/$C$34) -> -30.269487 | O38: =SUM(J38:M38) -> 3939.3365 | P38: =O38*B38*$K$6 -> 1210.0102 | Q38: =SUM(P35:P38) -> 2636.0181
T39: COOLER | U39: (Before CO2 removal)
P40: DH | Q40: =(Q38+Q30)+('MATERIAL BALANCE'!L13*('ENERGY BALANCE'!E24)*1000/(60*60*24)) -> 3569.6351
F41: SECONDRYREFORMER | T41: Tin | U41: 350 | V41: =273.15+U41 -> 623.15
A42: INPUTS | T42: Tout | U42: 110 | V42: =273.15+U42 -> 383.15
D43: del Hr | E43: =-36 -> -36
B44: 900 | C44: =273.15+B44 -> 1173.15 | U44: Cp | V44: A | W44: B | X44: C | Y44: D
A45: CH4 | B45: =('MATERIAL BALANCE'!S7)/(24*60*60) -> 0.0048188657 | E45: 1.702 | F45: 9.081 | G45: -2.164 | H45: 0 | J45: =E45*($B$22-$C44) -> -1489.25 | K45: =(F45*$F$8*($B$22^2-$C$44^2))*(1/2) -> -5845.3829 | L45: =(1/3)*G45*$G$8*($B$22^3-$C$44^3) -> 1145.5353 | M45: =H45*$H$8*(1/$B$22-1/$C$44) -> 0 | O45: =SUM(J45:M45) -> -6189.0976 | P45: =O45*B45*$K$6 -> -247.96032 | V45: 1 | W45: =0.001 -> 0.001 | X45: =0.000001 -> 1e-06 | Y45: =100000 -> 100000
A46: CO | B46: =('MATERIAL BALANCE'!S8)/(24*60*60) -> 0.011244213 | E46: 3.376 | F46: 0.557 | G46: 0 | H46: -0.031 | J46: =E46*($B$22-$C$44) -> -2954 | K46: =(F46*$F$8*($B$22^2-$C$44^2))*(1/2) -> -358.53742 | L46: =(1/3)*G46*$G$8*($B$22^3-$C$44^3) -> 0 | M46: =H46*$H$8*(1/$B$22-1/$C$44) -> -7.7549926 | O46: =SUM(J46:M46) -> -3320.2924 | P46: =O46*B46*$K$6 -> -310.3955 | T46: N2 | V46: 3.28 | W46: 0.593 | X46: 0 | Y46: 0.04 | AA46: =V46*($V$42-$V$41) -> -787.2 | AB46: =(W46*$W$8*($V$42^2-$V$41^2))*(1/2) -> -71.608308 | AC46: =(1/3)*X46*$X$8*($V$42^3-$V$41^3) -> 0 | AD46: =Y46*$Y$8*(1/$V$42-1/$V$41) -> 4.0207753 | AF46: =SUM(AA46:AD46) -> -854.78753 | AG46: ='MATERIAL BALANCE'!Z4/(60*60*24) -> 0.019306481 | AH46: =AF46*AG46*8.314 -> -137.20544
A47: H2 | B47: =('MATERIAL BALANCE'!S9)/(24*60*60) -> 0.033732639 | E47: 3.249 | F47: 0.422 | G47: 0 | H47: 0.083 | J47: =E47*($B$22-$C$44) -> -2842.875 | K47: =(F47*$F$8*($B$22^2-$C$44^2))*(1/2) -> -271.63876 | L47: =(1/3)*G47*$G$8*($B$22^3-$C$44^3) -> 0 | M47: =H47*$H$8*(1/$B$22-1/$C$44) -> 20.763367 | O47: =SUM(J47:M47) -> -3093.7504 | P47: =O47*B47*$K$6 -> -867.65207 | T47: O2 | V47: 3.639 | W47: 0.506 | X47: 0 | Y47: -0.227 | AA47: =V47*($V$42-$V$41) -> -873.36 | AB47: =(W47*$W$8*($V$42^2-$V$41^2))*(1/2) -> -61.102536 | AC47: =(1/3)*X47*$X$8*($V$42^3-$V$41^3) -> 0 | AD47: =Y47*$Y$8*(1/$V$42-1/$V$41) -> -22.8179 | AF47: =SUM(AA47:AD47) -> -957.28044 | AG47: ='MATERIAL BALANCE'!Z5/(60*60*24) -> 0.0029089376 | AH47: =AF47*AG47*8.314 -> -23.151739
A48: H2O | B48: =('MATERIAL BALANCE'!S10)/(24*60*60) -> 0.036945023 | E48: 3.47 | F48: 1.45 | G48: 0 | H48: 0.121 | J48: =E48*($B$22-$C$44) -> -3036.25 | K48: =(F48*$F$8*($B$22^2-$C$44^2))*(1/2) -> -933.35594 | L48: =(1/3)*G48*$G$8*($B$22^3-$C$44^3) -> 0 | M48: =H48*$H$8*(1/$B$22-1/$C$44) -> 30.269487 | O48: =SUM(J48:M48) -> -3939.3365 | P48: =O48*B48*$K$6 -> -1210.0102 | Q48: =SUM(P45:P48) -> -2636.0181 | T48: CH4 | V48: 1.702 | W48: 9.081 | X48: -2.164 | Y48: 0 | AA48: =V48*($V$42-$V$41) -> -408.48 | AB48: =(W48*$W$8*($V$42^2-$V$41^2))*(1/2) -> -1096.5852 | AC48: =(1/3)*X48*$X$8*($V$42^3-$V$41^3) -> 133.97407 | AD48: =Y48*$Y$8*(1/$V$42-1/$V$41) -> 0 | AF48: =SUM(AA48:AD48) -> -1371.0912 | AG48: ='MATERIAL BALANCE'!Z7/(60*60*24) -> 0.00024094329 | AH48: =AF48*AG48*8.314 -> -2.7465732
T49: H2 | V49: 3.249 | W49: 0.422 | X49: 0 | Y49: 0.083 | AA49: =V49*($V$42-$V$41) -> -779.76 | AB49: =(W49*$W$8*($V$42^2-$V$41^2))*(1/2) -> -50.959032 | AC49: =(1/3)*X49*$X$8*($V$42^3-$V$41^3) -> 0 | AD49: =Y49*$Y$8*(1/$V$42-1/$V$41) -> 8.3431088 | AF49: =SUM(AA49:AD49) -> -822.37592 | AG49: ='MATERIAL BALANCE'!Z8/(60*60*24) -> 0.057919512 | AH49: =AF49*AG49*8.314 -> -396.00923
A50: PH | B50: 500 | C50: =273.15+B50 -> 773.15 | T50: CO | V50: 3.376 | W50: 0.557 | X50: 0 | Y50: -0.031 | AA50: =V50*($V$42-$V$41) -> -810.24 | AB50: =(W50*$W$8*($V$42^2-$V$41^2))*(1/2) -> -67.261092 | AC50: =(1/3)*X50*$X$8*($V$42^3-$V$41^3) -> 0 | AD50: =Y50*$Y$8*(1/$V$42-1/$V$41) -> -3.1161009 | AF50: =SUM(AA50:AD50) -> -880.61719 | AG50: ='MATERIAL BALANCE'!Z9/(60*60*24) -> 0.00079110677 | AH50: =AF50*AG50*8.314 -> -5.7920497
A51: O2 | B51: =('MATERIAL BALANCE'!S5)/(24*60*60) -> 0.0051978989 | E51: 3.639 | F51: 0.506 | G51: 0 | H51: -0.227 | J51: =E51*($B$22-$C$50) -> -1728.525 | K51: =(F51*$F$8*($B$22^2-$C$50^2))*(1/2) -> -128.74348 | L51: =(1/3)*G51*$G$8*($B$22^3-$C$50^3) -> 0 | M51: =H51*$H$8*(1/$B$22-1/$C$50) -> -46.775764 | O51: =SUM(J51:M51) -> -1904.0442 | P51: =O51*B51*$K$6 -> -82.283902 | T51: H2O | V51: 3.47 | W51: 1.45 | X51: 0 | Y51: 0.121 | AA51: =V51*($V$42-$V$41) -> -832.8 | AB51: =(W51*$W$8*($V$42^2-$V$41^2))*(1/2) -> -175.0962 | AC51: =(1/3)*X51*$X$8*($V$42^3-$V$41^3) -> 0 | AD51: =Y51*$Y$8*(1/$V$42-1/$V$41) -> 12.162845 | AF51: =SUM(AA51:AD51) -> -995.73335 | AG51: ='MATERIAL BALANCE'!Z10/(60*60*24) -> 0.021913995 | AH51: =AF51*AG51*8.314 -> -181.4156
A52: N2 | B52: =('MATERIAL BALANCE'!S4)/(24*60*60) -> 0.019306481 | E52: 3.28 | F52: 0.593 | G52: 0 | H52: 0.04 | J52: =E52*($B$22-$C$50) -> -1558 | K52: =(F52*$F$8*($B$22^2-$C$50^2))*(1/2) -> -150.87921 | L52: =(1/3)*G52*$G$8*($B$22^3-$C$50^3) -> 0 | M52: =H52*$H$8*(1/$B$22-1/$C$50) -> 8.2424254 | O52: =SUM(J52:M52) -> -1700.6368 | P52: =O52*B52*$K$6 -> -272.97616 | Q52: =SUM(P51:P53) -> -373.82551 | T52: CO2 | V52: 5.457 | W52: 1.045 | X52: 0 | Y52: -1.157 | AA52: =V52*($V$42-$V$41) -> -1309.68 | AB52: =(W52*$W$8*($V$42^2-$V$41^2))*(1/2) -> -126.19002 | AC52: =(1/3)*X52*$X$8*($V$42^3-$V$41^3) -> 0 | AD52: =Y52*$Y$8*(1/$V$42-1/$V$41) -> -116.30093 | AF52: =SUM(AA52:AD52) -> -1552.1709 | AG52: ='MATERIAL BALANCE'!Z11/(60*60*24) -> 0.015031029 | AH52: =AF52*AG52*8.314 -> -193.97166
A53: INERT | B53: =('MATERIAL BALANCE'!S6)/(60*60*24) -> 0.00022662037 | E53: 20.786 | F53: 0.000123 | G53: =-0.136 -> -0.136 | H53: 0 | J53: =E53*($B$22-$C$50) -> -9873.35 | K53: =(F53*$F$8*($B$22^2-$C$50^2))*(1/2) -> -0.031295351 | L53: =(1/3)*G53*$G$8*($B$22^3-$C$50^3) -> 19.749706 | M53: =H53*$H$8*(1/$B$22-1/$C$50) -> 0 | O53: =SUM(J53:M53) -> -9853.6316 | P53: =O53*B53*$K$6 -> -18.565442 | T53: INERT | V53: 20.786 | W53: 0.123 | X53: =-0.136 -> -0.136 | Y53: 0 | AA53: =V53*($V$42-$V$41) -> -4988.64 | AB53: =(W53*$W$8*($V$42^2-$V$41^2))*(1/2) -> -14.852988 | AC53: =(1/3)*X53*$X$8*($V$42^3-$V$41^3) -> 8.4198119 | AD53: =Y53*$Y$8*(1/$V$42-1/$V$41) -> 0 | AF53: =SUM(AA53:AD53) -> -4995.0732 | AG53: ='MATERIAL BALANCE'!Z6/(60*60*24) -> 0.00022662037 | AH53: =AF53*AG53*8.314 -> -9.4113261 | AI53: =SUM(AH46:AH53) -> -949.70361 | AJ53: DH
T55: COOLER | U55: (Before Pressure swing adsorption)
A56: OUTPUTS
T57: Tin | U57: 150 | V57: =273.15+U57 -> 423.15
A58: SR T | B58: 1000 | C58: =273.15+B58 -> 1273.15 | T58: Tout | U58: 30 | V58: =273.15+U58 -> 303.15
A59: N2 | B59: =('MATERIAL BALANCE'!U4)/(24*60*60) -> 0.019306481 | E59: 3.28 | F59: 0.593 | G59: 0 | H59: 0.04 | J59: =-1*E59*($B$22-$C$58) -> 3198 | K59: =-1*(F59*$F$8*($B$22^2-$C$58^2))*(1/2) -> 454.24319 | L59: =-1*(1/3)*G59*$G$8*($B$22^3-$C$58^3) -> 0 | M59: =-1*H59*$H$8*(1/$B$22-1/$C$58) -> -10.274252 | O59: =SUM(J59:M59) -> 3641.9689 | P59: =O59*B59*$K$6 -> 584.58732
A60: O2 | B60: =('MATERIAL BALANCE'!U5)/(24*60*60) -> 0.0029089376 | E60: 3.639 | F60: 0.506 | G60: 0 | H60: -0.227 | J60: =-1*E60*($B$22-$C$58) -> 3548.025 | K60: =-1*(F60*$F$8*($B$22^2-$C$58^2))*(1/2) -> 387.60043 | L60: =-1*(1/3)*G60*$G$8*($B$22^3-$C$58^3) -> 0 | M60: =-1*H60*$H$8*(1/$B$22-1/$C$58) -> 58.306381 | O60: =SUM(J60:M60) -> 3993.9318 | P60: =O60*B60*$K$6 -> 96.592871
A61: CH4 | B61: =('MATERIAL BALANCE'!U7)/(24*60*60) -> 0.00024094329 | E61: 1.702 | F61: 9.081 | G61: -2.164 | H61: 0 | J61: =-1*E61*($B$22-$C$58) -> 1659.45 | K61: =-1*(F61*$F$8*($B$22^2-$C$58^2))*(1/2) -> 6956.1255 | L61: =-1*(1/3)*G61*$G$8*($B$22^3-$C$58^3) -> -1469.4708 | M61: =-1*H61*$H$8*(1/$B$22-1/$C$58) -> 0 | O61: =SUM(J61:M61) -> 7146.1046 | P61: =O61*B61*$K$6 -> 14.315095 | T61: N2 | V61: 3.28 | W61: 0.593 | X61: 0 | Y61: 0.04 | AA61: =V61*($V$58-$V$57) -> -393.6 | AB61: =(W61*$W$8*($V$58^2-$V$57^2))*(1/2) -> -25.841754 | AC61: =(1/3)*X61*$X$8*($V$58^3-$V$57^3) -> 0 | AD61: =Y61*$Y$8*(1/$V$58-1/$V$57) -> 3.7418754 | AF61: =SUM(AA61:AD61) -> -415.69988 | AG61: ='MATERIAL BALANCE'!AJ4/(60*60*24) -> 0.019306481 | AH61: =AF61*AG61*8.314 -> -66.725686
A62: H2 | B62: =('MATERIAL BALANCE'!U8)/(24*60*60) -> 0.042888484 | E62: 3.249 | F62: 0.422 | G62: 0 | H62: 0.083 | J62: =-1*E62*($B$22-$C$58) -> 3167.775 | K62: =-1*(F62*$F$8*($B$22^2-$C$58^2))*(1/2) -> 323.25569 | L62: =-1*(1/3)*G62*$G$8*($B$22^3-$C$58^3) -> 0 | M62: =-1*H62*$H$8*(1/$B$22-1/$C$58) -> -21.319073 | O62: =SUM(J62:M62) -> 3469.7116 | P62: =O62*B62*$K$6 -> 1237.2119 | T62: O2 | V62: 3.639 | W62: 0.506 | X62: 0 | Y62: -0.227 | AA62: =V62*($V$58-$V$57) -> -436.68 | AB62: =(W62*$W$8*($V$58^2-$V$57^2))*(1/2) -> -22.050468 | AC62: =(1/3)*X62*$X$8*($V$58^3-$V$57^3) -> 0 | AD62: =Y62*$Y$8*(1/$V$58-1/$V$57) -> -21.235143 | AF62: =SUM(AA62:AD62) -> -479.96561 | AG62: ='MATERIAL BALANCE'!AJ5/(60*60*24) -> 0.0025133842 | AH62: =AF62*AG62*8.314 -> -10.029494
A63: CO | B63: =('MATERIAL BALANCE'!U9)/(24*60*60) -> 0.015822135 | E63: 3.376 | F63: 0.557 | G63: 0 | H63: -0.031 | J63: =-1*E63*($B$22-$C$58) -> 3291.6 | K63: =-1*(F63*$F$8*($B$22^2-$C$58^2))*(1/2) -> 426.66687 | L63: =-1*(1/3)*G63*$G$8*($B$22^3-$C$58^3) -> 0 | M63: =-1*H63*$H$8*(1/$B$22-1/$C$58) -> 7.9625454 | O63: =SUM(J63:M63) -> 3726.2294 | P63: =O63*B63*$K$6 -> 490.16772 | T63: CH4 | V63: 1.702 | W63: 9.081 | X63: -2.164 | Y63: 0 | AA63: =V63*($V$58-$V$57) -> -204.24 | AB63: =(W63*$W$8*($V$58^2-$V$57^2))*(1/2) -> -395.73182 | AC63: =(1/3)*X63*$X$8*($V$58^3-$V$57^3) -> 34.557675 | AD63: =Y63*$Y$8*(1/$V$58-1/$V$57) -> 0 | AF63: =SUM(AA63:AD63) -> -565.41414 | AG63: ='MATERIAL BALANCE'!AJ7/(60*60*24) -> 0.00024094329 | AH63: =AF63*AG63*8.314 -> -1.132639
A64: H2O | B64: =('MATERIAL BALANCE'!U10)/(24*60*60) -> 0.036945023 | E64: 3.47 | F64: 1.45 | G64: 0 | H64: 0.121 | J64: =-1*E64*($B$22-$C$58) -> 3383.25 | K64: =-1*(F64*$F$8*($B$22^2-$C$58^2))*(1/2) -> 1110.7127 | L64: =-1*(1/3)*G64*$G$8*($B$22^3-$C$58^3) -> 0 | M64: =-1*H64*$H$8*(1/$B$22-1/$C$58) -> -31.079613 | O64: =SUM(J64:M64) -> 4462.8831 | P64: =O64*B64*$K$6 -> 1370.8233 | Q64: =SUM(P59:P65) -> 3831.7086 | T64: H2 | V64: 3.249 | W64: 0.422 | X64: 0 | Y64: 0.083 | AA64: =V64*($V$58-$V$57) -> -389.88 | AB64: =(W64*$W$8*($V$58^2-$V$57^2))*(1/2) -> -18.389916 | AC64: =(1/3)*X64*$X$8*($V$58^3-$V$57^3) -> 0 | AD64: =Y64*$Y$8*(1/$V$58-1/$V$57) -> 7.7643914 | AF64: =SUM(AA64:AD64) -> -400.50552 | AG64: ='MATERIAL BALANCE'!AJ8/(60*60*24) -> 0.057919512 | AH64: =AF64*AG64*8.314 -> -192.86056
A65: INERT | B65: =('MATERIAL BALANCE'!U6)/(24*60*60) -> 0.00022662037 | E65: 20.786 | F65: 0.000123 | G65: =-0.136 -> -0.136 | H65: 0 | J65: =-1*E65*($B$22-$C$58) -> 20266.35 | K65: =-1*(F65*$F$8*($B$22^2-$C$58^2))*(1/2) -> 0.094219076 | L65: =-1*(1/3)*G65*$G$8*($B$22^3-$C$58^3) -> -92.351216 | M65: =-1*H65*$H$8*(1/$B$22-1/$C$58) -> 0 | O65: =SUM(J65:M65) -> 20174.093 | P65: =O65*B65*$K$6 -> 38.010448 | T65: CO2R | V65: 3.376 | W65: 0.557 | X65: 0 | Y65: -0.031 | AA65: =V65*($V$58-$V$57) -> -405.12 | AB65: =(W65*$W$8*($V$58^2-$V$57^2))*(1/2) -> -24.272946 | AC65: =(1/3)*X65*$X$8*($V$58^3-$V$57^3) -> 0 | AD65: =Y65*$Y$8*(1/$V$58-1/$V$57) -> -2.8999534 | AF65: =SUM(AA65:AD65) -> -432.2929 | AG65: ='MATERIAL BALANCE'!AJ9/(60*60*24) -> 0.00079110677 | AH65: =AF65*AG65*8.314 -> -2.8433035
P66: DH | Q66: =(Q64+Q52+Q48)+(E43*('MATERIAL BALANCE'!T14)*1000/(60*60*24)) -> 657.05983 | T66: H2O | U66: =-42.8*B173*1000 -> -294.59094 | V66: 3.47 | W66: 1.45 | X66: 0 | Y66: 0.121 | AA66: =V66*($V$58-$V$57) -> -416.4 | AB66: =(W66*$W$8*($V$58^2-$V$57^2))*(1/2) -> -63.1881 | AC66: =(1/3)*X66*$X$8*($V$58^3-$V$57^3) -> 0 | AD66: =Y66*$Y$8*(1/$V$58-1/$V$57) -> 11.319173 | AF66: =SUM(AA66:AD66) -> -468.26893 | AG66: ='MATERIAL BALANCE'!AJ10/(60*60*24) -> 0.0068829659 | AH66: =AF66*AG66*8.314 -> -26.796679
T67: INERT | V67: 20.786 | W67: 0.123 | X67: =-0.136 -> -0.136 | Y67: 0 | AA67: =V67*($V$58-$V$57) -> -2494.32 | AB67: =(W67*$W$8*($V$58^2-$V$57^2))*(1/2) -> -5.360094 | AC67: =(1/3)*X67*$X$8*($V$58^3-$V$57^3) -> 2.1718317 | AD67: =Y67*$Y$8*(1/$V$58-1/$V$57) -> 0 | AF67: =SUM(AA67:AD67) -> -2497.5083 | AG67: ='MATERIAL BALANCE'!AJ6/(60*60*24) -> 0.00022662037 | AH67: =AF67*AG67*8.314 -> -4.7056097 | AI67: =SUM(AH61:AH67)+U66 -> -599.68491 | AJ67: DH
F68: WATER GAS SHIFT
T69: COOLER | U69: (After Reactor)
A70: INPUTS | D70: del Hr | E70: =-41 -> -41
T71: Tin | U71: 450 | V71: =U71+273.15 -> 723.15
B72: 350 | C72: =273.15+B72 -> 623.15 | T72: Tout | U72: -20 | V72: =U72+273.15 -> 253.15
A73: N2 | B73: =('MATERIAL BALANCE'!X4)/(60*24*60) -> 0.019306481 | E73: 3.28 | F73: 0.593 | G73: 0 | H73: 0.04 | J73: =E73*($B$22-$C$72) -> -1066 | K73: =(F73*$F$8*($B$22^2-$C$72^2))*(1/2) -> -88.778771 | L73: =(1/3)*G73*$G$8*($B$22^3-$C$72^3) -> 0 | M73: =H73*$H$8*(1/$B$22-1/$C$72) -> 6.9970655 | O73: =SUM(J73:M73) -> -1147.7817 | P73: =O73*B73*$K$6 -> -184.23513
A74: O2 | B74: =('MATERIAL BALANCE'!X5)/(60*24*60) -> 0.0029089376 | E74: 3.639 | F74: 0.506 | G74: 0 | H74: -0.227 | J74: =E74*($B$22-$C$72) -> -1182.675 | K74: =(F74*$F$8*($B$22^2-$C$72^2))*(1/2) -> -75.753893 | L74: =(1/3)*G74*$G$8*($B$22^3-$C$72^3) -> 0 | M74: =H74*$H$8*(1/$B$22-1/$C$72) -> -39.708347 | O74: =SUM(J74:M74) -> -1298.1372 | P74: =O74*B74*$K$6 -> -31.395329
A75: CH4 | B75: =('MATERIAL BALANCE'!X7)/(60*24*60) -> 0.00024094329 | E75: 1.702 | F75: 9.081 | G75: -2.164 | H75: 0 | J75: =E75*($B$22-$C$72) -> -553.15 | K75: =(F75*$F$8*($B$22^2-$C$72^2))*(1/2) -> -1359.5279 | L75: =(1/3)*G75*$G$8*($B$22^3-$C$72^3) -> 155.42966 | M75: =H75*$H$8*(1/$B$22-1/$C$72) -> 0 | O75: =SUM(J75:M75) -> -1757.2482 | P75: =O75*B75*$K$6 -> -3.520124 | T75: N2 | V75: =V61 -> 3.28 | W75: =W61 -> 0.593 | X75: =X61 -> 0 | Y75: =Y61 -> 0.04 | AA75: =V75*($V$72-$V$71) -> -1541.6 | AB75: =W75*$W$8*($V$72^2-$V$71^2)*(1/2) -> -136.05229 | AC75: =(1/3)*X75*$X$8*($V$72^3-$V$71^3) -> 0 | AD75: =Y75*$Y$8*(1/$V$72-1/$V$71) -> 10.269553 | AF75: =SUM(AA75:AD75) -> -1667.3827 | AG75: ='MATERIAL BALANCE'!AW4/(60*60*24) -> 0.10637936 | AH75: =AF75*AG75*8.314 -> -1474.6966
A76: H2 | B76: =('MATERIAL BALANCE'!X8)/(60*24*60) -> 0.042888484 | E76: 3.249 | F76: 0.422 | G76: 0 | H76: 0.083 | J76: =E76*($B$22-$C$72) -> -1055.925 | K76: =(F76*$F$8*($B$22^2-$C$72^2))*(1/2) -> -63.178148 | L76: =(1/3)*G76*$G$8*($B$22^3-$C$72^3) -> 0 | M76: =H76*$H$8*(1/$B$22-1/$C$72) -> 14.518911 | O76: =SUM(J76:M76) -> -1104.5842 | P76: =O76*B76*$K$6 -> -393.86696 | T76: H2 | V76: =V64 -> 3.249 | W76: =W64 -> 0.422 | X76: =X64 -> 0 | Y76: =Y64 -> 0.083 | AA76: =V76*($V$72-$V$71) -> -1527.03 | AB76: =W76*$W$8*($V$72^2-$V$71^2)*(1/2) -> -96.819671 | AC76: =(1/3)*X76*$X$8*($V$72^3-$V$71^3) -> 0 | AD76: =Y76*$Y$8*(1/$V$72-1/$V$71) -> 21.309322 | AF76: =SUM(AA76:AD76) -> -1602.5403 | AG76: ='MATERIAL BALANCE'!AW5/(60*60*24) -> 0.31913807 | AH76: =AF76*AG76*8.314 -> -4252.0426
A77: CO | B77: =('MATERIAL BALANCE'!X9)/(60*24*60) -> 0.015822135 | E77: 3.376 | F77: 0.557 | G77: 0 | H77: -0.031 | J77: =E77*($B$22-$C$72) -> -1097.2 | K77: =(F77*$F$8*($B$22^2-$C$72^2))*(1/2) -> -83.389166 | L77: =(1/3)*G77*$G$8*($B$22^3-$C$72^3) -> 0 | M77: =H77*$H$8*(1/$B$22-1/$C$72) -> -5.4227258 | O77: =SUM(J77:M77) -> -1186.0119 | P77: =O77*B77*$K$6 -> -156.01421 | T77: NH3 | U77: =-23.5*B191*1000 -> -799.97277 | V77: 29.75 | W77: 2.54 | X77: =-1.226 -> -1.226 | Y77: =7.55 -> 7.55 | AA77: =V77*($V$72-$V$71) -> -13982.5 | AB77: =W77*$W$8*($V$72^2-$V$71^2)*(1/2) -> -582.75347 | AC77: =(1/3)*X77*$X$8*($V$72^3-$V$71^3) -> 147.91496 | AD77: =Y77*$Y$8*(1/$V$72-1/$V$71) -> 1938.3781 | AF77: =SUM(AA77:AD77)+U77 -> -13278.933 | AG77: ='MATERIAL BALANCE'!BG5/(60*60*24) -> 0.034041394 | AH77: =AF77*AG77*8.314 -> -3758.2057
A78: H2O | B78: =('MATERIAL BALANCE'!X10)/(60*24*60) -> 0.036945023 | E78: 3.47 | F78: 1.45 | G78: 0 | H78: 0.121 | J78: =E78*($B$22-$C$72) -> -1127.75 | K78: =(F78*$F$8*($B$22^2-$C$72^2))*(1/2) -> -217.08131 | L78: =(1/3)*G78*$G$8*($B$22^3-$C$72^3) -> 0 | M78: =H78*$H$8*(1/$B$22-1/$C$72) -> 21.166123 | O78: =SUM(J78:M78) -> -1323.6652 | P78: =O78*B78*$K$6 -> -406.57822 | Q78: =SUM(P73:P79) -> -1188.3197 | T78: INERT | V78: 20.786 | W78: 0.123 | X78: =-0.136 -> -0.136 | Y78: 0 | AA78: =V78*($V$72-$V$71) -> -9769.42 | AB78: =W78*$W$8*($V$72^2-$V$71^2)*(1/2) -> -28.219952 | AC78: =(1/3)*X78*$X$8*($V$72^3-$V$71^3) -> 16.408184 | AD78: =Y78*$Y$8*(1/$V$72-1/$V$71) -> 0 | AF78: =SUM(AA78:AD78)+U78 -> -9781.2318 | AG78: ='MATERIAL BALANCE'!AW6/(60*60*24) -> 0.001246412 | AH78: =AF78*AG78*8.314 -> -101.35967 | AI78: =SUM(AH75:AH78)+U77 -> -10386.277 | AJ78: DH
A79: INERT | B79: =('MATERIAL BALANCE'!X6)/(60*24*60) -> 0.00022662037 | E79: 20.786 | F79: 0.000123 | G79: =-0.136 -> -0.136 | H79: 0 | J79: =E79*($B$22-$C$72) -> -6755.45 | K79: =(F79*$F$8*($B$22^2-$C$72^2))*(1/2) -> -0.018414484 | L79: =(1/3)*G79*$G$8*($B$22^3-$C$72^3) -> 9.7682224 | M79: =H79*$H$8*(1/$B$22-1/$C$72) -> 0 | O79: =SUM(J79:M79) -> -6745.7002 | P79: =O79*B79*$K$6 -> -12.709721
A81: OUTPUTS
A83: WGS T | B83: 350 | C83: =273.15+B83 -> 623.15 | T83: total energy change | V83: =AI78+AI67+AI53+AI37+AI22+AI10+Q19+Q40+Q66+Q93+Q127+Q152+Q194 -> -11622.672
A85: N2 | B85: =('MATERIAL BALANCE'!Z4)/(24*60*60) -> 0.019306481 | E85: 3.28 | F85: 0.593 | G85: 0 | H85: 0.04 | J85: =-1*E85*($B$22-$C$83) -> 1066 | K85: =-1*(F85*$F$8*($B$22^2-$C$83^2))*(1/2) -> 88.778771 | L85: =-1*(1/3)*G85*$G$8*($B$22^3-$C$83^3) -> 0 | M85: =-1*H85*$H$8*(1/$B$22-1/$C$83) -> -6.9970655 | O85: =SUM(J85:M85) -> 1147.7817 | P85: =O85*B85*$K$6 -> 184.23513
A86: O2 | B86: =('MATERIAL BALANCE'!Z5)/(24*60*60) -> 0.0029089376 | E86: 3.639 | F86: 0.506 | G86: 0 | H86: -0.227 | J86: =-1*E86*($B$22-$C$83) -> 1182.675 | K86: =-1*(F86*$F$8*($B$22^2-$C$83^2))*(1/2) -> 75.753893 | L86: =-1*(1/3)*G86*$G$8*($B$22^3-$C$83^3) -> 0 | M86: =-1*H86*$H$8*(1/$B$22-1/$C$83) -> 39.708347 | O86: =SUM(J86:M86) -> 1298.1372 | P86: =O86*B86*$K$6 -> 31.395329
A87: CH4 | B87: =('MATERIAL BALANCE'!Z7)/(24*60*60) -> 0.00024094329 | E87: 1.702 | F87: 9.081 | G87: -2.164 | H87: 0 | J87: =-1*E87*($B$22-$C$83) -> 553.15 | K87: =-1*(F87*$F$8*($B$22^2-$C$83^2))*(1/2) -> 1359.5279 | L87: =-1*(1/3)*G87*$G$8*($B$22^3-$C$83^3) -> -155.42966 | M87: =-1*H87*$H$8*(1/$B$22-1/$C$83) -> 0 | O87: =SUM(J87:M87) -> 1757.2482 | P87: =O87*B87*$K$6 -> 3.520124
A88: H2 | B88: =('MATERIAL BALANCE'!Z8)/(24*60*60) -> 0.057919512 | E88: 3.249 | F88: 0.422 | G88: 0 | H88: 0.083 | J88: =-1*E88*($B$22-$C$83) -> 1055.925 | K88: =-1*(F88*$F$8*($B$22^2-$C$83^2))*(1/2) -> 63.178148 | L88: =-1*(1/3)*G88*$G$8*($B$22^3-$C$83^3) -> 0 | M88: =-1*H88*$H$8*(1/$B$22-1/$C$83) -> -14.518911 | O88: =SUM(J88:M88) -> 1104.5842 | P88: =O88*B88*$K$6 -> 531.90462
A89: CO | B89: =('MATERIAL BALANCE'!Z9)/(24*60*60) -> 0.00079110677 | E89: 3.376 | F89: 0.557 | G89: 0 | H89: -0.031 | J89: =-1*E89*($B$22-$C$83) -> 1097.2 | K89: =-1*(F89*$F$8*($B$22^2-$C$83^2))*(1/2) -> 83.389166 | L89: =-1*(1/3)*G89*$G$8*($B$22^3-$C$83^3) -> 0 | M89: =-1*H89*$H$8*(1/$B$22-1/$C$83) -> 5.4227258 | O89: =SUM(J89:M89) -> 1186.0119 | P89: =O89*B89*$K$6 -> 7.8007106
A90: H2O | B90: =('MATERIAL BALANCE'!Z10)/(24*60*60) -> 0.021913995 | E90: 3.47 | F90: 1.45 | G90: 0 | H90: 0.121 | J90: =-1*E90*($B$22-$C$83) -> 1127.75 | K90: =-1*(F90*$F$8*($B$22^2-$C$83^2))*(1/2) -> 217.08131 | L90: =-1*(1/3)*G90*$G$8*($B$22^3-$C$83^3) -> 0 | M90: =-1*H90*$H$8*(1/$B$22-1/$C$83) -> -21.166123 | O90: =SUM(J90:M90) -> 1323.6652 | P90: =O90*B90*$K$6 -> 241.16247
A91: CO2 | B91: =('MATERIAL BALANCE'!Z11)/(24*60*60) -> 0.015031029 | E91: 5.457 | F91: 1.045 | G91: 0 | H91: -1.157 | J91: =-1*E91*($B$22-$C$83) -> 1773.525 | K91: =-1*(F91*$F$8*($B$22^2-$C$83^2))*(1/2) -> 156.44826 | L91: =-1*(1/3)*G91*$G$8*($B$22^3-$C$83^3) -> 0 | M91: =-1*H91*$H$8*(1/$B$22-1/$C$83) -> 202.39012 | O91: =SUM(J91:M91) -> 2132.3634 | P91: =O91*B91*$K$6 -> 266.47713 | Q91: =SUM(P85:P92) -> 1279.2052
A92: INERT | B92: =('MATERIAL BALANCE'!Z6)/(24*60*60) -> 0.00022662037 | E92: 20.786 | F92: 0.000123 | G92: =-0.136 -> -0.136 | H92: 0 | J92: =-1*E92*($B$22-$C$83) -> 6755.45 | K92: =-1*(F92*$F$8*($B$22^2-$C$83^2))*(1/2) -> 0.018414484 | L92: =-1*(1/3)*G92*$G$8*($B$22^3-$C$83^3) -> -9.7682224 | M92: =-1*H92*$H$8*(1/$B$22-1/$C$83) -> 0 | O92: =SUM(J92:M92) -> 6745.7002 | P92: =O92*B92*$K$6 -> 12.709721
P93: DH | Q93: =(Q91+Q78)+ (E70*('MATERIAL BALANCE'!Y14)*1000/(60*60*24)) -> -525.38665
F97: CO2 REMOVAL
A99: INPUTS
D100: del Hr | E100: =-70 -> -70
B101: 110 | C101: =273.15+B101 -> 383.15
A103: N2 | B103: =('MATERIAL BALANCE'!AC4)/(60*60*24) -> 0.019306481 | E103: 3.28 | F103: 0.593 | G103: 0 | H103: 0.04 | J103: =E103*($B$22-$C$101) -> -278.8 | K103: =(F103*$F$8*($B$22^2-$C$101^2))*(1/2) -> -17.170463 | L103: =(1/3)*G103*$G$8*($B$22^3-$C$101^3) -> 0 | M103: =H103*$H$8*(1/$B$22-1/$C$101) -> 2.9762902 | O103: =SUM(J103:M103) -> -292.99417 | P103: =O103*B103*$K$6 -> -47.029692
A104: O2 | B104: =('MATERIAL BALANCE'!AC5)/(60*60*24) -> 0.0029089376 | E104: 3.639 | F104: 0.506 | G104: 0 | H104: -0.227 | J104: =E104*($B$22-$C$101) -> -309.315 | K104: =(F104*$F$8*($B$22^2-$C$101^2))*(1/2) -> -14.651357 | L104: =(1/3)*G104*$G$8*($B$22^3-$C$101^3) -> 0 | M104: =H104*$H$8*(1/$B$22-1/$C$101) -> -16.890447 | O104: =SUM(J104:M104) -> -340.8568 | P104: =O104*B104*$K$6 -> -8.2435903
A105: CH4 | B105: =('MATERIAL BALANCE'!AC7)/(60*60*24) -> 0.00024094329 | E105: 1.702 | F105: 9.081 | G105: -2.164 | H105: 0 | J105: =E105*($B$22-$C$101) -> -144.67 | K105: =(F105*$F$8*($B$22^2-$C$101^2))*(1/2) -> -262.94263 | L105: =(1/3)*G105*$G$8*($B$22^3-$C$101^3) -> 21.45559 | M105: =H105*$H$8*(1/$B$22-1/$C$101) -> 0 | O105: =SUM(J105:M105) -> -386.15703 | P105: =O105*B105*$K$6 -> -0.77355073
A106: H2 | B106: =('MATERIAL BALANCE'!AC8)/(60*60*24) -> 0.057919512 | E106: 3.249 | F106: 0.422 | G106: 0 | H106: 0.083 | J106: =E106*($B$22-$C$101) -> -276.165 | K106: =(F106*$F$8*($B$22^2-$C$101^2))*(1/2) -> -12.219116 | L106: =(1/3)*G106*$G$8*($B$22^3-$C$101^3) -> 0 | M106: =H106*$H$8*(1/$B$22-1/$C$101) -> 6.1758022 | O106: =SUM(J106:M106) -> -282.20831 | P106: =O106*B106*$K$6 -> -135.89539
A107: CO | B107: =('MATERIAL BALANCE'!AC9)/(60*60*24) -> 0.00079110677 | E107: 3.376 | F107: 0.557 | G107: 0 | H107: -0.031 | J107: =E107*($B$22-$C$101) -> -286.96 | K107: =(F107*$F$8*($B$22^2-$C$101^2))*(1/2) -> -16.128074 | L107: =(1/3)*G107*$G$8*($B$22^3-$C$101^3) -> 0 | M107: =H107*$H$8*(1/$B$22-1/$C$101) -> -2.3066249 | O107: =SUM(J107:M107) -> -305.3947 | P107: =O107*B107*$K$6 -> -2.0086609
A108: H2O | B108: =('MATERIAL BALANCE'!AC10)/(60*60*24) -> 0.021913995 | E108: 3.47 | F108: 1.45 | G108: 0 | H108: 0.121 | J108: =E108*($B$22-$C$101) -> -294.95 | K108: =(F108*$F$8*($B$22^2-$C$101^2))*(1/2) -> -41.985112 | L108: =(1/3)*G108*$G$8*($B$22^3-$C$101^3) -> 0 | M108: =H108*$H$8*(1/$B$22-1/$C$101) -> 9.0032778 | O108: =SUM(J108:M108) -> -327.93183 | P108: =O108*B108*$K$6 -> -59.746868
A109: CO2 | B109: =('MATERIAL BALANCE'!AC11)/(60*60*24) -> 0.015031029 | E109: 5.457 | F109: 1.045 | G109: 0 | H109: -1.157 | J109: =E109*($B$22-$C$101) -> -463.845 | K109: =(F109*$F$8*($B$22^2-$C$101^2))*(1/2) -> -30.258236 | L109: =(1/3)*G109*$G$8*($B$22^3-$C$101^3) -> 0 | M109: =H109*$H$8*(1/$B$22-1/$C$101) -> -86.089194 | O109: =SUM(J109:M109) -> -580.19243 | P109: =O109*B109*$K$6 -> -72.505471
A110: INERT | B110: =('MATERIAL BALANCE'!AC6)/(60*60*24) -> 0.00022662037 | E110: 20.786 | F110: 0.000123 | G110: =-0.136 -> -0.136 | H110: 0 | J110: =E110*($B$22-$C$101) -> -1766.81 | K110: =(F110*$F$8*($B$22^2-$C$101^2))*(1/2) -> -0.0035614958 | L110: =(1/3)*G110*$G$8*($B$22^3-$C$101^3) -> 1.3484105 | M110: =H110*$H$8*(1/$B$22-1/$C$101) -> 0 | O110: =SUM(J110:M110) -> -1765.4652 | P110: =O110*B110*$K$6 -> -3.3263513
B111: 100 | C111: =273.15+B111 -> 373.15
A112: K2CO3 | B112: =('MATERIAL BALANCE'!AC12)/(60*60*24) -> 0.015031029 | E112: 0 | F112: 0 | G112: 0 | H112: 0 | J112: =E112*($B$22-$C$101) -> 0 | K112: =(F112*$F$8*($B$22^2-$C$101^2))*(1/2) -> 0 | L112: =(1/3)*G112*$G$8*($B$22^3-$C$101^3) -> 0 | M112: =H112*$H$8*(1/$B$22-1/$C$101) -> 0 | O112: =SUM(J112:M112) -> 0 | P112: =O112*B112*$K$6 -> 0 | Q112: =SUM(P103:P112) -> -329.52957
A114: OUTPUTS
A116: CO2R | B116: 130 | C116: =273.15+B116 -> 403.15
...

Sheet fluids
B1: (NATURAL GAS-DESULFURISATION) | N1: AIR - COMPRESSOR
B2: Natural gas | N2: air
B3: P | C3: 25 | D3: =C3*1.013*10^5 -> 2532500 | N3: P | O3: 1 | P3: =O3*1.013*10^5 -> 101300
B4: T | C4: 300 | D4: =C4+273.15 -> 573.15 | N4: T | O4: 25 | P4: =O4+273.15 -> 298.15
B5: R | C5: 8.314 | D5: 8.314 | N5: R | O5: 8.314 | P5: 8.314
C7: KMOL/DAY | D7: mol/sec | E7: density | F7: viscosity | G7: mole fraction | O7: KMOL/DAY | P7: mol/sec | Q7: density | R7: viscosity | S7: mole fraction
B8: CH4 | C8: 1387.9 | D8: =(C8*1000)/(24*60*60) -> 16.063657 | E8: =10.12 -> 10.12 | F8: =18.6*10^-6 -> 1.86e-05 | G8: =D8/D11 -> 0.97001677 | J8: flow rate | K8: =(D11*D5*D4)/D3 -> 0.031159756 | N8: AIR | O8: 2138.6 | P8: =(O8*1000)/(24*60*60) -> 24.752315 | Q8: 1.18 | R8: =18.6*10^-6 -> 1.86e-05 | S8: =P8/P11 -> 1 | U8: flow rate | V8: =(P11*P5*P4)/P3 -> 0.60569112
B9: H2S | C9: 42.9 | D9: =(C9*1000)/(24*60*60) -> 0.49652778 | E9: =22.19 -> 22.19 | F9: =16.9*10^-6 -> 1.69e-05 | G9: =D9/D11 -> 0.029983226
J10: carbon steel | U10: carbon steel
C11: mixture | D11: =SUM(D8:D9) -> 16.560185 | E11: =(E8*G8)+(E9*G9) -> 10.481898 | F11: =(G8*F8)+(G9*F9) -> 1.8549029e-05 | G11: =SUM(G8:G9) -> 1 | J11: NPS-2 | O11: mixture | P11: =SUM(P8:P9) -> 24.752315 | Q11: =(Q8*S8)+(Q9*S9) -> 1.18 | R11: =(S8*R8)+(S9*R9) -> 1.86e-05 | S11: =SUM(S8:S9) -> 1 | U11: NPS-2
J12: ID(mm) | K12: =52.5 -> 52.5 | U12: ID(mm) | V12: =P17 -> 311.2
J13: velocity | K13: =D14 -> 14.394135 | U13: velocity | V13: =P14 -> 7.9630996
B14: velocity | C14: 10 | D14: =K8/D15 -> 14.394135 | F14: Re | G14: =(E11*D14*D16)/F11 -> 427035.13 | J14: thickness(mm) | K14: =(K15-K12)/2 -> 3.9 | N14: velocity | O14: 8 | P14: =V8/P15 -> 7.9630996 | R14: Re | S14: =(Q11*P14*P16)/R11 -> 157213.85 | U14: thickness(mm) | V14: =(V15-V12)/2 -> 6.35
B15: Area | C15: =K8/C14 -> 0.0031159756 | D15: =PI()*D16*D16/4 -> 0.0021647537 | F15: f | G15: 0.02 | J15: OD | K15: =60.3 -> 60.3 | N15: Area | O15: =V8/O14 -> 0.07571139 | P15: =PI()*P16*P16/4 -> 0.076062231 | R15: f | S15: 0.0159 | U15: OD | V15: 323.9
B16: diameter(m) | C16: =((4*C15)/PI())^0.5 -> 0.062987168 | D16: =D17/1000 -> 0.0525 | F16: length | G16: 5 | J16: f friction factor | K16: =G15 -> 0.02 | N16: diameter(m) | O16: =((4*O15)/PI())^0.5 -> 0.31048146 | P16: =P17/1000 -> 0.3112 | R16: length | S16: 8 | U16: f friction factor | V16: =S15 -> 0.0159
B17: diameter(mm) | C17: =C16*1000 -> 62.987168 | D17: 52.5 | F17: del P | G17: =G15*G16*E11*D14*D14/(2*D16) -> 2068.3391 | J17: del P(bar) | K17: =G17/(1.01321*10^5) -> 0.020413726 | N17: diameter(mm) | O17: =O16*1000 -> 310.48146 | P17: 311.2 | R17: del P | S17: =S15*S16*Q11*P14*P14/(2*P16) -> 15.291984 | U17: del P(bar) | V17: =S17/(1.01321*10^5) -> 0.00015092611
B18: diameter(inch) | C18: =C17/25.4 -> 2.4798098 | J18: botttom to bottom | N18: diameter(inch) | O18: =O17/25.4 -> 12.223679 | U18: top to side
J19: length(m) | K19: 5 | U19: length(m) | V19: 5
B21: DESULFURISATION-PREHEATER | N21: COMPRESSOR-PREHEATER
B22: DESULFURISATION | N22: compressor
B23: P | C23: 25 | D23: =C23*1.013*10^5 -> 2532500 | N23: P | O23: 25 | P23: =O23*1.013*10^5 -> 2532500
B24: T | C24: 300 | D24: =C24+273.15 -> 573.15 | N24: T | O24: 475 | P24: =O24+273.15 -> 748.15
B25: R | C25: 8.314 | D25: 8.314 | N25: R | O25: 8.314 | P25: 8.314
C27: KMOL/DAY | D27: mol/sec | E27: density | F27: viscosity | G27: mole fraction | O27: KMOL/DAY | P27: mol/sec | Q27: density | R27: viscosity | S27: mole fraction
B28: CH4 | C28: 1387.9 | D28: =(C28*1000)/(24*60*60) -> 16.063657 | E28: =10.12 -> 10.12 | F28: =18.6*10^-6 -> 1.86e-05 | G28: =D28/D31 -> 1 | J28: flow rate | K28: =(D31*D25*D24)/D23 -> 0.030225486 | N28: AIR | O28: 2138.6 | P28: =(O28*1000)/(24*60*60) -> 24.752315 | Q28: 12.1 | R28: =36*10^-6 -> 3.6e-05 | S28: =P28/P31 -> 1 | U28: flow rate | V28: =(P31*P25*P24)/P23 -> 0.060794609
J30: carbon steel | U30: stainless steel
C31: mixture | D31: =SUM(D28:D29) -> 16.063657 | E31: =(E28*G28)+(E29*G29) -> 10.12 | F31: =(G28*F28)+(G29*F29) -> 1.86e-05 | G31: =SUM(G28:G29) -> 1 | J31: NPS-2 | O31: mixture | P31: =SUM(P28:P29) -> 24.752315 | Q31: =(Q28*S28)+(Q29*S29) -> 12.1 | R31: =(S28*R28)+(S29*R29) -> 3.6e-05 | S31: =SUM(S28:S29) -> 1 | U31: DN80
J32: ID(mm) | K32: =52.5 -> 52.5 | U32: ID(mm) | V32: =P37 -> 78
J33: velocity | K33: =D34 -> 13.962552 | U33: velocity | V33: =P34 -> 12.722896
B34: velocity | C34: 10 | D34: =K28/D35 -> 13.962552 | F34: Re | G34: =(E31*D34*D36)/F31 -> 398833.55 | J34: thickness(mm) | K34: =(K35-K32)/2 -> 3.9 | N34: velocity | O34: 15 | P34: =V28/P35 -> 12.722896 | R34: Re | S34: =(Q31*P34*P36)/R31 -> 333551.93 | U34: thickness(mm) | V34: =(V35-V32)/2 -> 5.45
B35: Area | C35: =K28/C34 -> 0.0030225486 | D35: =PI()*D36*D36/4 -> 0.0021647537 | F35: f | G35: 0.02 | J35: OD | K35: =60.3 -> 60.3 | N35: Area | O35: =V28/O34 -> 0.0040529739 | P35: =PI()*P36*P36/4 -> 0.0047783624 | R35: f | S35: 0.0165 | U35: OD | V35: 88.9
B36: diameter(m) | C36: =((4*C35)/PI())^0.5 -> 0.062035703 | D36: =D37/1000 -> 0.0525 | F36: length | G36: 5 | J36: f friction factor | K36: =G35 -> 0.02 | N36: diameter(m) | O36: =((4*O35)/PI())^0.5 -> 0.07183597 | P36: =P37/1000 -> 0.078 | R36: length | S36: 0.7 | U36: f friction factor | V36: =S35 -> 0.0165
B37: diameter(mm) | C37: =C36*1000 -> 62.035703 | D37: 52.5 | F37: del P | G37: =G35*G36*E31*D34*D34/(2*D36) -> 1878.9743 | J37: del P(bar) | K37: =G37/(1.01321*10^5) -> 0.018544766 | N37: diameter(mm) | O37: =O36*1000 -> 71.83597 | P37: 78 | R37: del P | S37: =S35*S36*Q31*P34*P34/(2*P36) -> 145.0156 | U37: del P(bar) | V37: =S37/(1.01321*10^5) -> 0.0014312492
B38: diameter(inch) | C38: =C37/25.4 -> 2.4423505 | J38: botttom to bottom | N38: diameter(inch) | O38: =O37/25.4 -> 2.8281878 | U38: side to bottom
J39: length(m) | K39: 5 | U39: length(m) | V39: 5
B41: PREHEATER-PRIMARY REFORMER | N41: STEAM SUPPLY-PRIMARY REFORMER
B42: prerheater | N42: steam supply
B43: P | C43: 25 | D43: =C43*1.013*10^5 -> 2532500 | N43: P | O43: 25 | P43: =O43*1.013*10^5 -> 2532500
B44: T | C44: 850 | D44: =C44+273.15 -> 1123.15 | N44: T | O44: 400 | P44: =O44+273.15 -> 673.15
B45: R | C45: 8.314 | D45: 8.314 | N45: R | O45: 8.314 | P45: 8.314
C47: KMOL/DAY | D47: mol/sec | E47: density | F47: viscosity | G47: mole fraction | O47: KMOL/DAY | P47: mol/sec | Q47: density | R47: viscosity | S47: mole fraction
B48: CH4 | C48: 1387.9 | D48: =(C48*1000)/(24*60*60) -> 16.063657 | E48: =5.15 -> 5.15 | F48: =32.8*10^-6 -> 3.28e-05 | G48: =D48/D51 -> 1 | J48: flow rate | K48: =(D51*D45*D44)/D43 -> 0.05923014 | N48: H2) | O48: 4163.6 | P48: =(O48*1000)/(24*60*60) -> 48.189815 | Q48: 8.14 | R48: =24.5*10^-6 -> 2.45e-05 | S48: =P48/P51 -> 1 | U48: flow rate | V48: =(P51*P45*P44)/P43 -> 0.10649462
J50: carbon steel | U50: carbon steel
C51: mixture | D51: =SUM(D48:D49) -> 16.063657 | E51: =(E48*G48) -> 5.15 | F51: =(G48*F48)+(G49*F49) -> 3.28e-05 | G51: =SUM(G48:G49) -> 1 | J51: SCH 80 | O51: mixture | P51: =SUM(P48:P49) -> 48.189815 | Q51: =(Q48*S48) -> 8.14 | R51: =(S48*R48)+(S49*R49) -> 2.45e-05 | S51: =SUM(S48:S49) -> 1 | U51: SCH 40,NPS 3
J52: ID(mm) | K52: =D57 -> 49.2 | U52: ID(mm) | V52: =P57 -> 77.9
J53: velocity | K53: =D54 -> 31.154635 | U53: velocity | V53: =P54 -> 22.344101
B54: velocity | C54: 25 | D54: =K48/D55 -> 31.154635 | F54: Re | G54: =(E51*D54*D56)/F51 -> 240669.56 | J54: thickness(mm) | K54: =(K55-K52)/2 -> 5.55 | N54: velocity | O54: 25 | P54: =V48/P55 -> 22.344101 | R54: Re | S54: =(Q51*P54*P56)/R51 -> 578307.27 | U54: thickness(mm) | V54: =(V55-V52)/2 -> 5.5
B55: Area | C55: =K48/C54 -> 0.0023692056 | D55: =PI()*D56*D56/4 -> 0.0019011662 | F55: f | G55: 0.02 | J55: OD | K55: =60.3 -> 60.3 | N55: Area | O55: =V48/O54 -> 0.0042597849 | P55: =PI()*P56*P56/4 -> 0.0047661181 | R55: f | S55: 0.017 | U55: OD | V55: 88.9
B56: diameter(m) | C56: =((4*C55)/PI())^0.5 -> 0.054923276 | D56: =D57/1000 -> 0.0492 | F56: length | G56: 10 | J56: f friction factor | K56: =G55 -> 0.02 | N56: diameter(m) | O56: =((4*O55)/PI())^0.5 -> 0.073645954 | P56: =P57/1000 -> 0.0779 | R56: length | S56: 10 | U56: f friction factor | V56: =S55 -> 0.017
B57: diameter(mm) | C57: =C56*1000 -> 54.923276 | D57: 49.2 | F57: del P | G57: =G55*G56*E51*D54*D54/(2*D56) -> 10159.854 | J57: del P(bar) | K57: =G57/(1.01321*10^5) -> 0.10027392 | N57: diameter(mm) | O57: =O56*1000 -> 73.645954 | P57: 77.9 | R57: del P | S57: =S55*S56*Q51*P54*P54/(2*P56) -> 4434.3669 | U57: del P(bar) | V57: =S57/(1.01321*10^5) -> 0.043765527
B58: diameter(inch) | C58: =C57/25.4 -> 2.1623337 | J58: top to top | N58: diameter(inch) | O58: =O57/25.4 -> 2.899447 | U58: top to top
J59: length(m) | K59: 10 | U59: length(m) | V59: 10
B63: PRIMARY REFORMER-SECONDARY REFORMER | N63: PREHEATER-SECONDARY REFORMER
B64: primary reformer | N64: preheater
B65: P | C65: 25 | D65: =C65*1.013*10^5 -> 2532500 | N65: P | O65: 25 | P65: =O65*1.013*10^5 -> 2532500
B66: T | C66: 850 | D66: =C66+273.15 -> 1123.15 | N66: T | O66: 1000 | P66: =O66+273.15 -> 1273.15
B67: R | C67: 8.314 | D67: 8.314 | N67: R | O67: 8.314 | P67: 8.314
C69: KMOL/DAY | D69: mol/sec | E69: density | F69: viscosity | G69: mole fraction | O69: KMOL/DAY | P69: mol/sec | Q69: density | R69: viscosity | S69: mole fraction
B70: CH4 | C70: 416.4 | D70: =(C70*1000)/(24*60*60) -> 4.8194444 | E70: 4.3 | F70: =27.5*10^-6 -> 2.75e-05 | G70: =D70/$D$75 -> 0.055560745 | J70: flow rate | K70: =(D75*D67*D66)/D65 -> 0.31983593 | N70: AIR | O70: 2138.6 | P70: =(O70*1000)/(24*60*60) -> 24.752315 | Q70: 7.13 | R70: =49.2*10^-6 -> 4.92e-05 | S70: =P70/P75 -> 1 | U70: flow rate | V70: =(P75*P67*P66)/P65 -> 0.10345607
B71: H2O | C71: 3192.1 | D71: =(C71*1000)/(24*60*60) -> 36.945602 | E71: 4.8 | F71: =41*10^-6 -> 4.1e-05 | G71: =D71/$D$75 -> 0.42592568
B72: CO | C72: 971.5 | D72: =(C72*1000)/(24*60*60) -> 11.244213 | E72: 7.5 | F72: =37.5*10^-6 -> 3.75e-05 | G72: =D72/$D$75 -> 0.12962839
B73: H2 | C73: 2914.5 | D73: =(C73*1000)/(24*60*60) -> 33.732639 | E73: 0.54 | F73: =20*10^-6 -> 2e-05 | G73: =D73/$D$75 -> 0.38888518
J74: ASTM A335 P91(Cr-Mo alloy) | U74: ASTM A335 P22(2.25Cr- 1Mo alloy)
C75: mixture | D75: =SUM(D70:D73) -> 86.741898 | E75: =(E70*G70)+(E73*G73)+(E71*G71)+(E72*G72) -> 3.4655654 | F75: =(G70*F70)+(G73*F73)+(F71*G71)+(F72*G72) -> 3.1629642e-05 | G75: =SUM(G70:G73) -> 1 | J75: SCH 80 NPS 10 | O75: mixture | P75: =SUM(P70:P73) -> 24.752315 | Q75: =(Q70*S70)+(Q73*S73)+(Q71*S71)+(Q72*S72) -> 7.13 | R75: =(S70*R70)+(S73*R73)+(R71*S71)+(R72*S72) -> 4.92e-05 | S75: =SUM(S70:S73) -> 1 | U75: SCH 40 NPS 4
J76: ID(mm) | K76: =D81 -> 240 | U76: ID(mm) | V76: =P81 -> 102
J77: velocity | K77: =D78 -> 7.0699263 | U77: velocity | V77: =P78 -> 12.660934
B78: velocity | C78: 8 | D78: =K70/D79 -> 7.0699263 | F78: Re | G78: =(E75*D78*D80)/F75 -> 185911.37 | J78: thickness(mm) | K78: =(K79-K76)/2 -> 16.55 | N78: velocity | O78: 10 | P78: =V70/P79 -> 12.660934 | R78: Re | S78: =(Q75*P78*P80)/R75 -> 187150.22 | U78: thickness(mm) | V78: =(V79-V76)/2 -> 6.15
B79: Area | C79: =K70/C78 -> 0.039979491 | D79: =PI()*D80*D80/4 -> 0.045238934 | F79: f | G79: 0.018 | J79: OD | K79: 273.1 | N79: Area | O79: =V70/O78 -> 0.010345607 | P79: =PI()*P80*P80/4 -> 0.0081712825 | R79: f | S79: 0.018 | U79: OD | V79: 114.3
B80: diameter(m) | C80: =((4*C79)/PI())^0.5 -> 0.22561797 | D80: =D81/1000 -> 0.24 | F80: length | G80: 7 | J80: f friction factor | K80: =G79 -> 0.018 | N80: diameter(m) | O80: =((4*O79)/PI())^0.5 -> 0.11477123 | P80: =P81/1000 -> 0.102 | R80: length | S80: 7 | U80: f friction factor | V80: =S79 -> 0.018
B81: diameter(mm) | C81: =C80*1000 -> 225.61797 | D81: 240 | F81: del P | G81: =G79*G80*E75*D78*D78/(2*D80) -> 45.470861 | J81: del P(bar) | K81: =G81/(1.01321*10^5) -> 0.00044878022 | N81: diameter(mm) | O81: =O80*1000 -> 114.77123 | P81: 102 | R81: del P | S81: =S79*S80*Q75*P78*P78/(2*P80) -> 705.92958 | U81: del P(bar) | V81: =S81/(1.01321*10^5) -> 0.0069672583
B82: diameter(inch) | C82: =C81/25.4 -> 8.8825973 | J82: top to side(below the burner) | N82: diameter(inch) | O82: =O81/25.4 -> 4.5185524 | U82: top to top
J83: length(m) | K83: 7 | U83: length(m) | V83: 7
B86: SECONDARY REFORMER-WASTE HEAT BOILER | N86: WASTE HEAT BOILER - COOLER
B87: secondary reformer | N87: waste heat boiler
B88: P | C88: 25 | D88: =C88*1.013*10^5 -> 2532500 | N88: P | O88: 25 | P88: =O88*1.0135*10^5 -> 2533750
B89: T | C89: 1000 | D89: =C89+273.15 -> 1273.15 | N89: T | O89: 400 | P89: =O89+273.15 -> 673.15
B90: R | C90: 8.314 | D90: =C90 -> 8.314 | N90: R | O90: 8.314 | P90: =O90 -> 8.314
C92: KMOL/DAY | D92: mol/sec | E92: density | F92: viscosity | G92: mole fracton | O92: KMOL/DAY | P92: mol/sec | Q92: density | R92: viscosity | S92: mole fracton
B93: N2 | C93: 1668.1 | D93: =(C93*1000)/(24*60*60) -> 19.306713 | E93: =6.6 -> 6.6 | F93: =4.77*10^-5 -> 4.77e-05 | G93: =D93/$D$101 -> 0.16311863 | H93: =E93*G93 -> 1.0765829 | I93: =F93*G93 -> 7.7807584e-06 | N93: N2 | O93: 1668.1 | P93: =(O93*1000)/(24*60*60) -> 19.306713 | Q93: 12.51 | R93: =31.21*10^-6 -> 3.121e-05 | S93: =P93/$P$101 -> 0.16311863 | T93: =R93*S93 -> 5.0909323e-06
B94: O2 | C94: 251.3 | D94: =(C94*1000)/(24*60*60) -> 2.9085648 | E94: 7.6 | F94: =5.49*10^-5 -> 5.49e-05 | G94: =D94/$D$101 -> 0.024573893 | H94: =E94*G94 -> 0.18676159 | I94: =F94*G94 -> 1.3491067e-06 | N94: O2 | O94: 251.3 | P94: =(O94*1000)/(24*60*60) -> 2.9085648 | Q94: 14.29 | R94: =36.1*10^-6 -> 3.61e-05 | S94: =P94/$P$101 -> 0.024573893 | T94: =R94*S94 -> 8.8711753e-07
B95: I | C95: 21.4 | D95: =(C95*1000)/(24*60*60) -> 0.24768519 | E95: 30 | F95: =6.2*10^-5 -> 6.2e-05 | G95: =D95/$D$101 -> 0.0020926435 | H95: =E95*G95 -> 0.062779304 | I95: =F95*G95 -> 1.297439e-07 | N95: I | O95: 21.4 | P95: =(O95*1000)/(24*60*60) -> 0.24768519 | Q95: 17.85 | R95: =39.48*10^-6 -> 3.948e-05 | S95: =P95/$P$101 -> 0.0020926435 | T95: =R95*S95 -> 8.2617565e-08
B96: CH4 | C96: 20.8 | D96: =(C96*1000)/(24*60*60) -> 0.24074074 | E96: 3.8 | F96: =3.38*10^-5 -> 3.38e-05 | G96: =D96/$D$101 -> 0.0020339712 | H96: =E96*G96 -> 0.0077290907 | I96: =F96*G96 -> 6.8748228e-08 | J96: flow rate | K96: =(D101*D90*D89)/D88 -> 0.49470344 | N96: CH4 | O96: 20.8 | P96: =(O96*1000)/(24*60*60) -> 0.24074074 | Q96: 7.17 | R96: =19.37*10^-6 -> 1.937e-05 | S96: =P96/$P$101 -> 0.0020339712 | T96: =R96*S96 -> 3.9398023e-08 | V96: flow rate | W96: =(P101*P90*P89)/P88 -> 0.2614345
B97: H2 | C97: 3705.6 | D97: =(C97*1000)/(24*60*60) -> 42.888889 | E97: 0.5 | F97: =2.15*10^-5 -> 2.15e-05 | G97: =D97/$D$101 -> 0.3623598 | H97: =E97*G97 -> 0.1811799 | I97: =F97*G97 -> 7.7907357e-06 | N97: H2 | O97: 3705.6 | P97: =(O97*1000)/(24*60*60) -> 42.888889 | Q97: 0.9 | R97: =15.79*10^-6 -> 1.579e-05 | S97: =P97/$P$101 -> 0.3623598 | T97: =R97*S97 -> 5.7216612e-06
B98: CO | C98: 1367 | D98: =(C98*1000)/(24*60*60) -> 15.821759 | E98: 6.6 | F98: =4.75*10^-5 -> 4.75e-05 | G98: =D98/$D$101 -> 0.13367494 | H98: =E98*G98 -> 0.88225458 | I98: =F98*G98 -> 6.3495595e-06 | N98: CO | O98: 1367 | P98: =(O98*1000)/(24*60*60) -> 15.821759 | Q98: 12.51 | R98: =31.21*10^-6 -> 3.121e-05 | S98: =P98/$P$101 -> 0.13367494 | T98: =R98*S98 -> 4.1719948e-06
B99: H2O | C99: 3192.1 | D99: =(C99*1000)/(24*60*60) -> 36.945602 | E99: 4.3 | F99: =5.07*10^-5 -> 5.07e-05 | G99: =D99/$D$101 -> 0.31214613 | H99: =E99*G99 -> 1.3422284 | I99: =F99*G99 -> 1.5825809e-05 | N99: H2O | O99: 3192.1 | P99: =(O99*1000)/(24*60*60) -> 36.945602 | Q99: 8.05 | R99: =22.56*10^-6 -> 2.256e-05 | S99: =P99/$P$101 -> 0.31214613 | T99: =R99*S99 -> 7.0420168e-06
C101: mixture | D101: =SUM(D93:D99) -> 118.35995 | E101: =SUM(H93:H99) -> 3.7395158 | F101: =SUM(I93:I99) -> 3.9294461e-05 | G101: =SUM(G93:G99) -> 1 | O101: mixture | P101: =SUM(P93:P99) -> 118.35995 | Q101: =(Q93*S93)+(Q94*S94)+(Q95*S95)+(Q96*S96)+(Q97*S97)+(Q98*S98)+(Q99*S99) -> 6.9548858 | R101: =SUM(T93:T99) -> 2.3035738e-05 | S101: =SUM(S93:S99) -> 1
J102: ASTM A213 T22(Cr-Mo alloy) | U102: ASTM A335 Grade P22(cr-mo alloy)
J103: SCH 80 NPS 10 | U103: SCH 40 NPS 7
B104: velocity | C104: 10 | D104: =K96/D105 -> 10.078016 | F104: Re | G104: =E101*D104*D106/F101 -> 239772.33 | J104: ID(mm) | K104: =D107 -> 250 | N104: velocity | O104: =12 -> 12 | P104: =W96/P105 -> 10.505894 | R104: Re | S104: =Q101*P104*P106/R101 -> 564600.01 | U104: ID(mm) | V104: =P107 -> 178
B105: area | C105: =K96/C104 -> 0.049470344 | D105: =PI()*D106*D106/4 -> 0.049087385 | F105: f | G105: 0.0146 | J105: velocity | K105: =D104 -> 10.078016 | N105: area | O105: =W96/O104 -> 0.021786208 | P105: =PI()*P106*P106/4 -> 0.024884555 | R105: f | S105: 0.017 | U105: velocity | V105: =P104 -> 10.505894
B106: diameter(m) | C106: =((4*C105)/PI())^0.5 -> 0.2509733 | D106: =D107/1000 -> 0.25 | F106: length | G106: 6 | J106: thickness(mm) | K106: =(K107-K104)/2 -> 11.525 | N106: diameter(m) | O106: =((4*O105)/PI())^0.5 -> 0.16655048 | P106: =P107/1000 -> 0.178 | R106: length | S106: 8 | U106: thickness(mm) | V106: =(V107-V104)/2 -> 7.84
B107: diameter(mm) | C107: =C106*1000 -> 250.9733 | D107: 250 | F107: del P | G107: =G105*G106*E101*D104*D104/(2*D106) -> 66.542563 | J107: OD | K107: 273.05 | N107: diameter(mm) | O107: =O106*1000 -> 166.55048 | P107: 178 | R107: del P | S107: =(S105*S106*Q101*P104*P104)/(2*P106) -> 293.25467 | U107: OD | V107: =193.68 -> 193.68
B108: diameter(inch) | C108: =C107/25.4 -> 9.8808386 | J108: f friction factor | K108: =G105 -> 0.0146 | N108: diameter(inch) | O108: =O107/25.4 -> 6.5571054 | U108: f friction factor | V108: =S105 -> 0.017
J109: del P(bar) | K109: =G107/(1.01321*10^5) -> 0.00065674997 | U109: del P(bar) | V109: =S107/(1.01321*10^5) -> 0.0028943128
J111: length(m) | K111: =G106 -> 6 | U111: length(m) | V111: =S106 -> 8
B114: COOLER-WATER GAS SHIFT REACTION | N114: WATER GAS SHIFT REACTION-COOLER
B115: COOLER | N115: WATER GAS SHIFT REACTION
B116: P | C116: 25 | D116: =C116*1.013*10^5 -> 2532500 | N116: P | O116: 25 | P116: =O116*1.013*10^5 -> 2532500
B117: T | C117: 350 | D117: =C117+273.15 -> 623.15 | N117: T | O117: 350 | P117: =O117+273.15 -> 623.15
B118: R | C118: =8.314 -> 8.314 | D118: =C118 -> 8.314 | N118: R | O118: 8.314 | P118: =O118 -> 8.314
...

Sheet HEAT TRANSFER
F1: DESULPURISATION
T2: PREHEATER | U2: (After De Sulpurisation)
U3: c | V3: K
A4: NATURAL GAS | C4: DESULPHARISATION | T4: Tin | U4: 300 | V4: =U4+273.15 -> 573.15
A5: =25+273.15 -> 298.15 | B5: =A5-273.15 -> 25 | C5: =300+273.15 -> 573.15 | D5: =C5-273.15 -> 300 | T5: Tout | U5: 850 | V5: =U5+273.15 -> 1123.15
E6: 1 | F6: T | G6: T^2 | H6: T^-2 | J6: R | K6: 8.314
C7: delHr | E7: A | F7: B | G7: C | H7: D | U7: Cp | V7: A | W7: B | X7: C | Y7: D
C8: =-78 -> -78 | F8: =0.001 -> 0.001 | G8: =0.000001 -> 1e-06 | H8: =100000 -> 100000 | V8: 1 | W8: =0.001 -> 0.001 | X8: =0.000001 -> 1e-06 | Y8: =100000 -> 100000
A9: CH4 | B9: =('MATERIAL BALANCE'!F4)/(60*60*24) -> 0.016063079 | E9: 1.702 | F9: 9.081 | G9: -2.164 | H9: 0 | J9: =E9*($B$18-$B$19) -> 0 | K9: =(F9*$F$8*($B$18^2-B$19^2))*(1/2) -> 0 | L9: =(1/3)*G9*$G$8*($B$18^3-$B$19^3) -> 0 | M9: =H9*$H$8*(1/$B$18-1/$B$19) -> 0 | O9: =SUM(J9:M9) -> 0 | P9: =O9*B9*$K$6 -> 0 | T9: CH4 | V9: 1.702 | W9: 9.081 | X9: -2.164 | Y9: 0 | AA9: =V9*($V$5-$V$4) -> 936.1 | AB9: =(W9*$W$8*($V$5^2-$V$4^2))*(1/2) -> 4236.1276 | AC9: =(1/3)*X9*$X$8*($V$5^3-$V$4^3) -> -886.18335 | AD9: =Y9*$Y$8*(1/$V$5-1/$V$4) -> 0 | AF9: =SUM(AA9:AD9) -> 4286.0442 | AG9: =1387.9/(60*60*24) -> 0.016063657 | AH9: =AF9*AG9*8.314 -> 572.41513
A10: H2S | B10: =('MATERIAL BALANCE'!F5)/(60*60*24) -> 0.00049679625 | E10: 3.931 | F10: 1.49 | G10: 0 | H10: -0.232 | J10: =E10*($B$18-$B$19) -> 0 | K10: =(F10*$F$8*($B$18^2-B$19^2))*(1/2) -> 0 | L10: =(1/3)*G10*$G$8*($B$18^3-$B$19^3) -> 0 | M10: =H10*$H$8*(1/$B$18-1/$B$19) -> 0 | O10: =SUM(J10:M10) -> 0 | P10: =O10*B10*$K$6 -> 0 | T10: H2S | V10: 3.931 | W10: 1.49 | X10: 0 | Y10: -0.232 | AA10: =V10*($V$5-$V$4) -> 2162.05 | AB10: =(W10*$W$8*($V$5^2-$V$4^2))*(1/2) -> 695.05893 | AC10: =(1/3)*X10*$X$8*($V$5^3-$V$4^3) -> 0 | AD10: =Y10*$Y$8*(1/$V$5-1/$V$4) -> 19.82187 | AF10: =SUM(AA10:AD10) -> 2876.9308 | AG10: ='MATERIAL BALANCE'!C5/(60*60*24) -> 0.00049679625 | AH10: =AF10*AG10*8.314 -> 11.882771 | AI10: =SUM(AH9:AH10) -> 584.2979 | AJ10: DH
A11: ZnO | B11: =('MATERIAL BALANCE'!F6)/(60*60*24) -> 0.00049679625 | E11: 45.91 | F11: 9.089 | G11: 4.159 | H11: -6.04976 | J11: =E11*($B$18-$B$19) -> 0 | K11: =(F11*$F$8*($B$18^2-B$19^2))*(1/2) -> 0 | L11: =(1/3)*G11*$G$8*($B$18^3-$B$19^3) -> 0 | M11: =H11*$H$8*(1/$B$18-1/$B$19) -> 0 | O11: =SUM(J11:M11) -> 0 | P11: =O11*B11*$K$6 -> 0 | Q11: =SUM(P9:P11) -> 0
T13: PREHEATER | U13: (Before Secondry Reformer)
A14: H2O | B14: =('MATERIAL BALANCE'!H4)/(60*60*24) -> 0.00049679625 | E14: 3.47 | F14: 1.45 | G14: 0 | H14: 0.121 | J14: =E14*($B$18-$B$19) -> 0 | K14: =(F14*$F$8*($B$18^2-B$19^2))*(1/2) -> 0 | L14: =(1/3)*G14*$G$8*($B$18^3-$B$19^3) -> 0 | M14: =H14*$H$8*(1/$B$18-1/$B$19) -> 0 | O14: =SUM(J14:M14) -> 0 | P14: =O14*B14*$K$6 -> 0
A15: ZnS | B15: =('MATERIAL BALANCE'!H5)/(60*60*24) -> 0.00049679625 | E15: 43.11 | F15: =0.012658*1000 -> 12.658 | G15: =-1.122 -> -1.122 | H15: =2.48 -> 2.48 | J15: =E15*($B$18-$B$19) -> 0 | K15: =(F15*$F$8*($B$18^2-B$19^2))*(1/2) -> 0 | L15: =(1/3)*G15*$G$8*($B$18^3-$B$19^3) -> 0 | M15: =H15*$H$8*(1/$B$18-1/$B$19) -> 0 | O15: =SUM(J15:M15) -> 0 | P15: =O15*B15*$K$6 -> 0 | T15: Tin | U15: 475 | V15: 298.15
A16: CH4 | B16: =('MATERIAL BALANCE'!H6)/(60*60*24) -> 0.016063079 | E16: 1.702 | F16: 9.081 | G16: -2.164 | H16: 0 | J16: =E16*($B$18-$B$19) -> 0 | K16: =(F16*$F$8*($B$18^2-B$19^2))*(1/2) -> 0 | L16: =(1/3)*G16*$G$8*($B$18^3-$B$19^3) -> 0 | M16: =H16*$H$8*(1/$B$18-1/$B$19) -> 0 | O16: =SUM(J16:M16) -> 0 | P16: =O16*B16*$K$6 -> 0 | Q16: =SUM(P14:P16) -> 0 | T16: Tout | U16: 1000 | V16: =273.15+U16 -> 1273.15
A18: Tin | B18: 573.15 | U18: Cp | V18: A | W18: B | X18: C | Y18: D
A19: Tout | B19: 573.15 | P19: DH | Q19: =(Q16+Q11)+('MATERIAL BALANCE'!G13*C8*1000/(24*60*60)) -> -38.750107 | V19: 1 | W19: =0.001 -> 0.001 | X19: =0.000001 -> 1e-06 | Y19: =100000 -> 100000
T20: O2 | V20: 3.639 | W20: 0.506 | X20: 0 | Y20: -0.227 | AA20: =V20*($V$16-$V$15) -> 3548.025 | AB20: =(W20*$W$8*($V$16^2-$V$15^2))*(1/2) -> 387.60043 | AC20: =(1/3)*X20*$X$8*($V$16^3-$V$15^3) -> 0 | AD20: =Y20*$Y$8*(1/$V$16-1/$V$15) -> 58.306381 | AF20: =SUM(AA20:AD20) -> 3993.9318 | AG20: ='MATERIAL BALANCE'!P5/(60*60*24) -> 0.0051978989 | AH20: =AF20*AG20*8.314 -> 172.59909
T21: N2 | V21: 3.28 | W21: 0.593 | X21: 0 | Y21: 0.04 | AA21: =V21*($V$16-$V$15) -> 3198 | AB21: =(W21*$W$8*($V$16^2-$V$15^2))*(1/2) -> 454.24319 | AC21: =(1/3)*X21*$X$8*($V$16^3-$V$15^3) -> 0 | AD21: =Y21*$Y$8*(1/$V$16-1/$V$15) -> -10.274252 | AF21: =SUM(AA21:AD21) -> 3641.9689 | AG21: ='MATERIAL BALANCE'!P4/(60*60*24) -> 0.019306481 | AH21: =AF21*AG21*8.314 -> 584.58732
A22: rT | B22: 298.15 | F22: PRIMARY REFORMER | T22: INERT | V22: 20.786 | W22: 0.123 | X22: =-0.136 -> -0.136 | Y22: 0 | AA22: =V22*($V$16-$V$15) -> 20266.35 | AB22: =(W22*$W$8*($V$16^2-$V$15^2))*(1/2) -> 94.219076 | AC22: =(1/3)*X22*$X$8*($V$16^3-$V$15^3) -> -92.351216 | AD22: =Y22*$Y$8*(1/$V$16-1/$V$15) -> 0 | AF22: =SUM(AA22:AD22) -> 20268.218 | AG22: ='MATERIAL BALANCE'!P6/(60*60*24) -> 0.00022662037 | AH22: =AF22*AG22*8.314 -> 38.18779 | AI22: =SUM(AH20:AH22) -> 795.37419 | AJ22: DH
A24: INPUTS | D24: del Hr | E24: =206 -> 206 | T24: COOLER | U24: (Before Water gas shift reaction)
A26: Steam | B26: 400 | C26: =B26+273.15 -> 673.15 | T26: Tin | U26: 1000 | V26: =273.15+U26 -> 1273.15
A27: H2O | B27: =('MATERIAL BALANCE'!K4)/(60*60*24) -> 0.048189236 | E27: 3.47 | F27: 1.45 | G27: 0 | H27: 0.121 | J27: =E27*($B$22-$C26) -> -1301.25 | K27: =(F27*$F$8*($B$22^2-$C26^2))*(1/2) -> -264.07219 | L27: =(1/3)*G27*$G$8*($B$22^3-$C26^3) -> 0 | M27: =H27*$H$8*(1/$B$22-1/$C26) -> 22.608408 | O27: =SUM(J27:M27) -> -1542.7138 | P27: =O27*B27*$K$6 -> -618.08104 | T27: Tout | U27: 350 | V27: =273.15+U27 -> 623.15
B29: 850 | C29: =B29+273.15 -> 1123.15 | U29: Cp | V29: A | W29: B | X29: C | Y29: D
A30: CH4 | B30: =('MATERIAL BALANCE'!K5)/(60*60*24) -> 0.016063079 | E30: 1.702 | F30: 9.081 | G30: -2.164 | H30: 0 | J30: =E30*($B$22-$C29) -> -1404.15 | K30: =(F30*$F$8*($B$22^2-$C29^2))*(1/2) -> -5324.0654 | L30: =(1/3)*G30*$G$8*($B$22^3-$C29^3) -> 1002.8783 | M30: =H30*$H$8*(1/$B$22-1/$C29) -> 0 | O30: =SUM(J30:M30) -> -5725.3371 | P30: =O30*B30*$K$6 -> -764.60982 | Q30: =SUM(P27:P30) -> -1382.6909 | V30: 1 | W30: =0.001 -> 0.001 | X30: =0.000001 -> 1e-06 | Y30: =100000 -> 100000
T31: N2 | V31: 3.28 | W31: 0.593 | X31: 0 | Y31: 0.04 | AA31: =V31*($V$27-$V$26) -> -2132 | AB31: =(W31*$W$8*($V$27^2-$V$26^2))*(1/2) -> -365.46442 | AC31: =(1/3)*X31*$X$8*($V$27^3-$V$26^3) -> 0 | AD31: =Y31*$Y$8*(1/$V$27-1/$V$26) -> 3.2771866 | AF31: =SUM(AA31:AD31) -> -2494.1872 | AG31: ='MATERIAL BALANCE'!U4/(60*60*24) -> 0.019306481 | AH31: =AF31*AG31*8.314 -> -400.35219
A32: OUTPUTS | T32: O2 | V32: 3.639 | W32: 0.506 | X32: 0 | Y32: -0.227 | AA32: =V32*($V$27-$V$26) -> -2365.35 | AB32: =(W32*$W$8*($V$27^2-$V$26^2))*(1/2) -> -311.84654 | AC32: =(1/3)*X32*$X$8*($V$27^3-$V$26^3) -> 0 | AD32: =Y32*$Y$8*(1/$V$27-1/$V$26) -> -18.598034 | AF32: =SUM(AA32:AD32) -> -2695.7946 | AG32: ='MATERIAL BALANCE'!U5/(60*60*24) -> 0.0029089376 | AH32: =AF32*AG32*8.314 -> -65.197542
T33: CH4 | V33: 1.702 | W33: 9.081 | X33: -2.164 | Y33: 0 | AA33: =V33*($V$27-$V$26) -> -1106.3 | AB33: =(W33*$W$8*($V$27^2-$V$26^2))*(1/2) -> -5596.5976 | AC33: =(1/3)*X33*$X$8*($V$27^3-$V$26^3) -> 1314.0412 | AD33: =Y33*$Y$8*(1/$V$27-1/$V$26) -> 0 | AF33: =SUM(AA33:AD33) -> -5388.8564 | AG33: ='MATERIAL BALANCE'!U7/(60*60*24) -> 0.00024094329 | AH33: =AF33*AG33*8.314 -> -10.794971
A34: PR T | B34: 850 | C34: =273.15+B34 -> 1123.15 | T34: H2 | V34: 3.249 | W34: 0.422 | X34: 0 | Y34: 0.083 | AA34: =V34*($V$27-$V$26) -> -2111.85 | AB34: =(W34*$W$8*($V$27^2-$V$26^2))*(1/2) -> -260.07755 | AC34: =(1/3)*X34*$X$8*($V$27^3-$V$26^3) -> 0 | AD34: =Y34*$Y$8*(1/$V$27-1/$V$26) -> 6.8001623 | AF34: =SUM(AA34:AD34) -> -2365.1274 | AG34: ='MATERIAL BALANCE'!U8/(60*60*24) -> 0.042888484 | AH34: =AF34*AG34*8.314 -> -843.34495
A35: CH4 | B35: =('MATERIAL BALANCE'!M4)/(60*60*24) -> 0.0048188657 | E35: 1.702 | F35: 9.081 | G35: -2.164 | H35: 0 | J35: =-E35*($B$22-$C34) -> 1404.15 | K35: =-1*(F35*$F$8*($B$22^2-$C34^2))*(1/2) -> 5324.0654 | L35: =-1*(1/3)*G35*$G$8*($B$22^3-$C$34^3) -> -1002.8783 | M35: =-1*H35*$H$8*(1/$B$22-1/$C$34) -> 0 | O35: =SUM(J35:M35) -> 5725.3371 | P35: =O35*B35*$K$6 -> 229.38019 | T35: CO | V35: 3.376 | W35: 0.557 | X35: 0 | Y35: -0.031 | AA35: =V35*($V$27-$V$26) -> -2194.4 | AB35: =(W35*$W$8*($V$27^2-$V$26^2))*(1/2) -> -343.27771 | AC35: =(1/3)*X35*$X$8*($V$27^3-$V$26^3) -> 0 | AD35: =Y35*$Y$8*(1/$V$27-1/$V$26) -> -2.5398196 | AF35: =SUM(AA35:AD35) -> -2540.2175 | AG35: ='MATERIAL BALANCE'!U9/(60*60*24) -> 0.015822135 | AH35: =AF35*AG35*8.314 -> -334.15351
A36: CO | B36: =('MATERIAL BALANCE'!M5)/(60*60*24) -> 0.011244213 | E36: 3.376 | F36: 0.557 | G36: 0 | H36: -0.031 | J36: =-E36*($B$22-$C34) -> 2785.2 | K36: =-1*(F36*$F$8*($B$22^2-$C34^2))*(1/2) -> 326.56144 | L36: =-1*(1/3)*G36*$G$8*($B$22^3-$C$34^3) -> 0 | M36: =-1*H36*$H$8*(1/$B$22-1/$C$34) -> 7.6373566 | O36: =SUM(J36:M36) -> 3119.3988 | P36: =O36*B36*$K$6 -> 291.61508 | T36: H2O | V36: 3.47 | W36: 1.45 | X36: 0 | Y36: 0.121 | AA36: =V36*($V$27-$V$26) -> -2255.5 | AB36: =(W36*$W$8*($V$27^2-$V$26^2))*(1/2) -> -893.63138 | AC36: =(1/3)*X36*$X$8*($V$27^3-$V$26^3) -> 0 | AD36: =Y36*$Y$8*(1/$V$27-1/$V$26) -> 9.9134896 | AF36: =SUM(AA36:AD36) -> -3139.2179 | AG36: ='MATERIAL BALANCE'!U10/(60*60*24) -> 0.036945023 | AH36: =AF36*AG36*8.314 -> -964.24506
A37: H2 | B37: =('MATERIAL BALANCE'!M6)/(60*60*24) -> 0.033732639 | E37: 3.249 | F37: 0.422 | G37: 0 | H37: 0.083 | J37: =-E37*($B$22-$C34) -> 2680.425 | K37: =-1*(F37*$F$8*($B$22^2-$C34^2))*(1/2) -> 247.4128 | L37: =-1*(1/3)*G37*$G$8*($B$22^3-$C$34^3) -> 0 | M37: =-1*H37*$H$8*(1/$B$22-1/$C$34) -> -20.448406 | O37: =SUM(J37:M37) -> 2907.3894 | P37: =O37*B37*$K$6 -> 815.38654 | T37: INERT | V37: 20.786 | W37: 0.123 | X37: =-0.136 -> -0.136 | Y37: 0 | AA37: =V37*($V$27-$V$26) -> -13510.9 | AB37: =(W37*$W$8*($V$27^2-$V$26^2))*(1/2) -> -75.804593 | AC37: =(1/3)*X37*$X$8*($V$27^3-$V$26^3) -> 82.582993 | AD37: =Y37*$Y$8*(1/$V$27-1/$V$26) -> 0 | AF37: =SUM(AA37:AD37) -> -13504.122 | AG37: ='MATERIAL BALANCE'!U6/(60*60*24) -> 0.00022662037 | AH37: =AF37*AG37*8.314 -> -25.443409 | AI37: =SUM(AH31:AH37) -> -2643.5316 | AJ37: DH
A38: H2O | B38: =('MATERIAL BALANCE'!M7)/(60*60*24) -> 0.036945023 | E38: 3.47 | F38: 1.45 | G38: 0 | H38: 0.121 | J38: =-E38*($B$22-$C34) -> 2862.75 | K38: =-1*(F38*$F$8*($B$22^2-$C34^2))*(1/2) -> 850.11506 | L38: =-1*(1/3)*G38*$G$8*($B$22^3-$C$34^3) -> 0 | M38: =-1*H38*$H$8*(1/$B$22-1/$C$34) -> -29.810327 | O38: =SUM(J38:M38) -> 3683.0547 | P38: =O38*B38*$K$6 -> 1131.2905 | Q38: =SUM(P35:P38) -> 2467.6723
T39: COOLER | U39: (Before CO2 removal)
P40: DH | Q40: =(Q38+Q30)+('MATERIAL BALANCE'!L13*('HEAT TRANSFER'!E24)*1000/(60*60*24)) -> 3401.2893
F41: SECONDRYREFORMER | T41: Tin | U41: 350 | V41: =273.15+U41 -> 623.15
A42: INPUTS | T42: Tout | U42: 110 | V42: =273.15+U42 -> 383.15
D43: del Hr | E43: =-36 -> -36
B44: 900 | C44: =273.15+B44 -> 1173.15 | U44: Cp | V44: A | W44: B | X44: C | Y44: D
A45: CH4 | B45: =('MATERIAL BALANCE'!S7)/(24*60*60) -> 0.0048188657 | E45: 1.702 | F45: 9.081 | G45: -2.164 | H45: 0 | J45: =E45*($B$22-$C44) -> -1489.25 | K45: =(F45*$F$8*($B$22^2-$C$44^2))*(1/2) -> -5845.3829 | L45: =(1/3)*G45*$G$8*($B$22^3-$C$44^3) -> 1145.5353 | M45: =H45*$H$8*(1/$B$22-1/$C$44) -> 0 | O45: =SUM(J45:M45) -> -6189.0976 | P45: =O45*B45*$K$6 -> -247.96032 | V45: 1 | W45: =0.001 -> 0.001 | X45: =0.000001 -> 1e-06 | Y45: =100000 -> 100000
A46: CO | B46: =('MATERIAL BALANCE'!S8)/(24*60*60) -> 0.011244213 | E46: 3.376 | F46: 0.557 | G46: 0 | H46: -0.031 | J46: =E46*($B$22-$C$44) -> -2954 | K46: =(F46*$F$8*($B$22^2-$C$44^2))*(1/2) -> -358.53742 | L46: =(1/3)*G46*$G$8*($B$22^3-$C$44^3) -> 0 | M46: =H46*$H$8*(1/$B$22-1/$C$44) -> -7.7549926 | O46: =SUM(J46:M46) -> -3320.2924 | P46: =O46*B46*$K$6 -> -310.3955 | T46: N2 | V46: 3.28 | W46: 0.593 | X46: 0 | Y46: 0.04 | AA46: =V46*($V$42-$V$41) -> -787.2 | AB46: =(W46*$W$8*($V$42^2-$V$41^2))*(1/2) -> -71.608308 | AC46: =(1/3)*X46*$X$8*($V$42^3-$V$41^3) -> 0 | AD46: =Y46*$Y$8*(1/$V$42-1/$V$41) -> 4.0207753 | AF46: =SUM(AA46:AD46) -> -854.78753 | AG46: ='MATERIAL BALANCE'!Z4/(60*60*24) -> 0.019306481 | AH46: =AF46*AG46*8.314 -> -137.20544
A47: H2 | B47: =('MATERIAL BALANCE'!S9)/(24*60*60) -> 0.033732639 | E47: 3.249 | F47: 0.422 | G47: 0 | H47: 0.083 | J47: =E47*($B$22-$C$44) -> -2842.875 | K47: =(F47*$F$8*($B$22^2-$C$44^2))*(1/2) -> -271.63876 | L47: =(1/3)*G47*$G$8*($B$22^3-$C$44^3) -> 0 | M47: =H47*$H$8*(1/$B$22-1/$C$44) -> 20.763367 | O47: =SUM(J47:M47) -> -3093.7504 | P47: =O47*B47*$K$6 -> -867.65207 | T47: O2 | V47: 3.639 | W47: 0.506 | X47: 0 | Y47: -0.227 | AA47: =V47*($V$42-$V$41) -> -873.36 | AB47: =(W47*$W$8*($V$42^2-$V$41^2))*(1/2) -> -61.102536 | AC47: =(1/3)*X47*$X$8*($V$42^3-$V$41^3) -> 0 | AD47: =Y47*$Y$8*(1/$V$42-1/$V$41) -> -22.8179 | AF47: =SUM(AA47:AD47) -> -957.28044 | AG47: ='MATERIAL BALANCE'!Z5/(60*60*24) -> 0.0029089376 | AH47: =AF47*AG47*8.314 -> -23.151739
A48: H2O | B48: =('MATERIAL BALANCE'!S10)/(24*60*60) -> 0.036945023 | E48: 3.47 | F48: 1.45 | G48: 0 | H48: 0.121 | J48: =E48*($B$22-$C$44) -> -3036.25 | K48: =(F48*$F$8*($B$22^2-$C$44^2))*(1/2) -> -933.35594 | L48: =(1/3)*G48*$G$8*($B$22^3-$C$44^3) -> 0 | M48: =H48*$H$8*(1/$B$22-1/$C$44) -> 30.269487 | O48: =SUM(J48:M48) -> -3939.3365 | P48: =O48*B48*$K$6 -> -1210.0102 | Q48: =SUM(P45:P48) -> -2636.0181 | T48: CH4 | V48: 1.702 | W48: 9.081 | X48: -2.164 | Y48: 0 | AA48: =V48*($V$42-$V$41) -> -408.48 | AB48: =(W48*$W$8*($V$42^2-$V$41^2))*(1/2) -> -1096.5852 | AC48: =(1/3)*X48*$X$8*($V$42^3-$V$41^3) -> 133.97407 | AD48: =Y48*$Y$8*(1/$V$42-1/$V$41) -> 0 | AF48: =SUM(AA48:AD48) -> -1371.0912 | AG48: ='MATERIAL BALANCE'!Z7/(60*60*24) -> 0.00024094329 | AH48: =AF48*AG48*8.314 -> -2.7465732
T49: H2 | V49: 3.249 | W49: 0.422 | X49: 0 | Y49: 0.083 | AA49: =V49*($V$42-$V$41) -> -779.76 | AB49: =(W49*$W$8*($V$42^2-$V$41^2))*(1/2) -> -50.959032 | AC49: =(1/3)*X49*$X$8*($V$42^3-$V$41^3) -> 0 | AD49: =Y49*$Y$8*(1/$V$42-1/$V$41) -> 8.3431088 | AF49: =SUM(AA49:AD49) -> -822.37592 | AG49: ='MATERIAL BALANCE'!Z8/(60*60*24) -> 0.057919512 | AH49: =AF49*AG49*8.314 -> -396.00923
A50: PH | B50: 1000 | C50: =273.15+B50 -> 1273.15 | T50: CO | V50: 3.376 | W50: 0.557 | X50: 0 | Y50: -0.031 | AA50: =V50*($V$42-$V$41) -> -810.24 | AB50: =(W50*$W$8*($V$42^2-$V$41^2))*(1/2) -> -67.261092 | AC50: =(1/3)*X50*$X$8*($V$42^3-$V$41^3) -> 0 | AD50: =Y50*$Y$8*(1/$V$42-1/$V$41) -> -3.1161009 | AF50: =SUM(AA50:AD50) -> -880.61719 | AG50: ='MATERIAL BALANCE'!Z9/(60*60*24) -> 0.00079110677 | AH50: =AF50*AG50*8.314 -> -5.7920497
A51: O2 | B51: =('MATERIAL BALANCE'!S5)/(24*60*60) -> 0.0051978989 | E51: 3.639 | F51: 0.506 | G51: 0 | H51: -0.227 | J51: =E51*($B$22-$C$50) -> -3548.025 | K51: =(F51*$F$8*($B$22^2-$C$50^2))*(1/2) -> -387.60043 | L51: =(1/3)*G51*$G$8*($B$22^3-$C$50^3) -> 0 | M51: =H51*$H$8*(1/$B$22-1/$C$50) -> -58.306381 | O51: =SUM(J51:M51) -> -3993.9318 | P51: =O51*B51*$K$6 -> -172.59909 | T51: H2O | V51: 3.47 | W51: 1.45 | X51: 0 | Y51: 0.121 | AA51: =V51*($V$42-$V$41) -> -832.8 | AB51: =(W51*$W$8*($V$42^2-$V$41^2))*(1/2) -> -175.0962 | AC51: =(1/3)*X51*$X$8*($V$42^3-$V$41^3) -> 0 | AD51: =Y51*$Y$8*(1/$V$42-1/$V$41) -> 12.162845 | AF51: =SUM(AA51:AD51) -> -995.73335 | AG51: ='MATERIAL BALANCE'!Z10/(60*60*24) -> 0.021913995 | AH51: =AF51*AG51*8.314 -> -181.4156
A52: N2 | B52: =('MATERIAL BALANCE'!S4)/(24*60*60) -> 0.019306481 | E52: 3.28 | F52: 0.593 | G52: 0 | H52: 0.04 | J52: =E52*($B$22-$C$50) -> -3198 | K52: =(F52*$F$8*($B$22^2-$C$50^2))*(1/2) -> -454.24319 | L52: =(1/3)*G52*$G$8*($B$22^3-$C$50^3) -> 0 | M52: =H52*$H$8*(1/$B$22-1/$C$50) -> 10.274252 | O52: =SUM(J52:M52) -> -3641.9689 | P52: =O52*B52*$K$6 -> -584.58732 | Q52: =SUM(P51:P53) -> -795.19685 | T52: CO2 | V52: 5.457 | W52: 1.045 | X52: 0 | Y52: -1.157 | AA52: =V52*($V$42-$V$41) -> -1309.68 | AB52: =(W52*$W$8*($V$42^2-$V$41^2))*(1/2) -> -126.19002 | AC52: =(1/3)*X52*$X$8*($V$42^3-$V$41^3) -> 0 | AD52: =Y52*$Y$8*(1/$V$42-1/$V$41) -> -116.30093 | AF52: =SUM(AA52:AD52) -> -1552.1709 | AG52: ='MATERIAL BALANCE'!Z11/(60*60*24) -> 0.015031029 | AH52: =AF52*AG52*8.314 -> -193.97166
A53: INERT | B53: =('MATERIAL BALANCE'!S6)/(60*60*24) -> 0.00022662037 | E53: 20.786 | F53: 0.000123 | G53: =-0.136 -> -0.136 | H53: 0 | J53: =E53*($B$22-$C$50) -> -20266.35 | K53: =(F53*$F$8*($B$22^2-$C$50^2))*(1/2) -> -0.094219076 | L53: =(1/3)*G53*$G$8*($B$22^3-$C$50^3) -> 92.351216 | M53: =H53*$H$8*(1/$B$22-1/$C$50) -> 0 | O53: =SUM(J53:M53) -> -20174.093 | P53: =O53*B53*$K$6 -> -38.010448 | T53: INERT | V53: 20.786 | W53: 0.123 | X53: =-0.136 -> -0.136 | Y53: 0 | AA53: =V53*($V$42-$V$41) -> -4988.64 | AB53: =(W53*$W$8*($V$42^2-$V$41^2))*(1/2) -> -14.852988 | AC53: =(1/3)*X53*$X$8*($V$42^3-$V$41^3) -> 8.4198119 | AD53: =Y53*$Y$8*(1/$V$42-1/$V$41) -> 0 | AF53: =SUM(AA53:AD53) -> -4995.0732 | AG53: ='MATERIAL BALANCE'!Z6/(60*60*24) -> 0.00022662037 | AH53: =AF53*AG53*8.314 -> -9.4113261 | AI53: =SUM(AH46:AH53) -> -949.70361 | AJ53: DH
T55: COOLER | U55: (Before Pressure swing adsorption)
A56: OUTPUTS
T57: Tin | U57: 150 | V57: =273.15+U57 -> 423.15
A58: SR T | B58: 900 | C58: =273.15+B58 -> 1173.15 | T58: Tout | U58: 30 | V58: =273.15+U58 -> 303.15
A59: N2 | B59: =('MATERIAL BALANCE'!U4)/(24*60*60) -> 0.019306481 | E59: 3.28 | F59: 0.593 | G59: 0 | H59: 0.04 | J59: =-1*E59*($B$22-$C$58) -> 2870 | K59: =-1*(F59*$F$8*($B$22^2-$C$58^2))*(1/2) -> 381.71039 | L59: =-1*(1/3)*G59*$G$8*($B$22^3-$C$58^3) -> 0 | M59: =-1*H59*$H$8*(1/$B$22-1/$C$58) -> -10.006442 | O59: =SUM(J59:M59) -> 3241.704 | P59: =O59*B59*$K$6 -> 520.33915
A60: O2 | B60: =('MATERIAL BALANCE'!U5)/(24*60*60) -> 0.0029089376 | E60: 3.639 | F60: 0.506 | G60: 0 | H60: -0.227 | J60: =-1*E60*($B$22-$C$58) -> 3184.125 | K60: =-1*(F60*$F$8*($B$22^2-$C$58^2))*(1/2) -> 325.70904 | L60: =-1*(1/3)*G60*$G$8*($B$22^3-$C$58^3) -> 0 | M60: =-1*H60*$H$8*(1/$B$22-1/$C$58) -> 56.786559 | O60: =SUM(J60:M60) -> 3566.6206 | P60: =O60*B60*$K$6 -> 86.258389
A61: CH4 | B61: =('MATERIAL BALANCE'!U7)/(24*60*60) -> 0.00024094329 | E61: 1.702 | F61: 9.081 | G61: -2.164 | H61: 0 | J61: =-1*E61*($B$22-$C$58) -> 1489.25 | K61: =-1*(F61*$F$8*($B$22^2-$C$58^2))*(1/2) -> 5845.3829 | L61: =-1*(1/3)*G61*$G$8*($B$22^3-$C$58^3) -> -1145.5353 | M61: =-1*H61*$H$8*(1/$B$22-1/$C$58) -> 0 | O61: =SUM(J61:M61) -> 6189.0976 | P61: =O61*B61*$K$6 -> 12.398016 | T61: N2 | V61: 3.28 | W61: 0.593 | X61: 0 | Y61: 0.04 | AA61: =V61*($V$58-$V$57) -> -393.6 | AB61: =(W61*$W$8*($V$58^2-$V$57^2))*(1/2) -> -25.841754 | AC61: =(1/3)*X61*$X$8*($V$58^3-$V$57^3) -> 0 | AD61: =Y61*$Y$8*(1/$V$58-1/$V$57) -> 3.7418754 | AF61: =SUM(AA61:AD61) -> -415.69988 | AG61: ='MATERIAL BALANCE'!AJ4/(60*60*24) -> 0.019306481 | AH61: =AF61*AG61*8.314 -> -66.725686
A62: H2 | B62: =('MATERIAL BALANCE'!U8)/(24*60*60) -> 0.042888484 | E62: 3.249 | F62: 0.422 | G62: 0 | H62: 0.083 | J62: =-1*E62*($B$22-$C$58) -> 2842.875 | K62: =-1*(F62*$F$8*($B$22^2-$C$58^2))*(1/2) -> 271.63876 | L62: =-1*(1/3)*G62*$G$8*($B$22^3-$C$58^3) -> 0 | M62: =-1*H62*$H$8*(1/$B$22-1/$C$58) -> -20.763367 | O62: =SUM(J62:M62) -> 3093.7504 | P62: =O62*B62*$K$6 -> 1103.1536 | T62: O2 | V62: 3.639 | W62: 0.506 | X62: 0 | Y62: -0.227 | AA62: =V62*($V$58-$V$57) -> -436.68 | AB62: =(W62*$W$8*($V$58^2-$V$57^2))*(1/2) -> -22.050468 | AC62: =(1/3)*X62*$X$8*($V$58^3-$V$57^3) -> 0 | AD62: =Y62*$Y$8*(1/$V$58-1/$V$57) -> -21.235143 | AF62: =SUM(AA62:AD62) -> -479.96561 | AG62: ='MATERIAL BALANCE'!AJ5/(60*60*24) -> 0.0025133842 | AH62: =AF62*AG62*8.314 -> -10.029494
A63: CO | B63: =('MATERIAL BALANCE'!U9)/(24*60*60) -> 0.015822135 | E63: 3.376 | F63: 0.557 | G63: 0 | H63: -0.031 | J63: =-1*E63*($B$22-$C$58) -> 2954 | K63: =-1*(F63*$F$8*($B$22^2-$C$58^2))*(1/2) -> 358.53742 | L63: =-1*(1/3)*G63*$G$8*($B$22^3-$C$58^3) -> 0 | M63: =-1*H63*$H$8*(1/$B$22-1/$C$58) -> 7.7549926 | O63: =SUM(J63:M63) -> 3320.2924 | P63: =O63*B63*$K$6 -> 436.76864 | T63: CH4 | V63: 1.702 | W63: 9.081 | X63: -2.164 | Y63: 0 | AA63: =V63*($V$58-$V$57) -> -204.24 | AB63: =(W63*$W$8*($V$58^2-$V$57^2))*(1/2) -> -395.73182 | AC63: =(1/3)*X63*$X$8*($V$58^3-$V$57^3) -> 34.557675 | AD63: =Y63*$Y$8*(1/$V$58-1/$V$57) -> 0 | AF63: =SUM(AA63:AD63) -> -565.41414 | AG63: ='MATERIAL BALANCE'!AJ7/(60*60*24) -> 0.00024094329 | AH63: =AF63*AG63*8.314 -> -1.132639
A64: H2O | B64: =('MATERIAL BALANCE'!U10)/(24*60*60) -> 0.036945023 | E64: 3.47 | F64: 1.45 | G64: 0 | H64: 0.121 | J64: =-1*E64*($B$22-$C$58) -> 3036.25 | K64: =-1*(F64*$F$8*($B$22^2-$C$58^2))*(1/2) -> 933.35594 | L64: =-1*(1/3)*G64*$G$8*($B$22^3-$C$58^3) -> 0 | M64: =-1*H64*$H$8*(1/$B$22-1/$C$58) -> -30.269487 | O64: =SUM(J64:M64) -> 3939.3365 | P64: =O64*B64*$K$6 -> 1210.0102 | Q64: =SUM(P59:P65) -> 3403.0605 | T64: H2 | V64: 3.249 | W64: 0.422 | X64: 0 | Y64: 0.083 | AA64: =V64*($V$58-$V$57) -> -389.88 | AB64: =(W64*$W$8*($V$58^2-$V$57^2))*(1/2) -> -18.389916 | AC64: =(1/3)*X64*$X$8*($V$58^3-$V$57^3) -> 0 | AD64: =Y64*$Y$8*(1/$V$58-1/$V$57) -> 7.7643914 | AF64: =SUM(AA64:AD64) -> -400.50552 | AG64: ='MATERIAL BALANCE'!AJ8/(60*60*24) -> 0.057919512 | AH64: =AF64*AG64*8.314 -> -192.86056
A65: INERT | B65: =('MATERIAL BALANCE'!U6)/(24*60*60) -> 0.00022662037 | E65: 20.786 | F65: 0.000123 | G65: =-0.136 -> -0.136 | H65: 0 | J65: =-1*E65*($B$22-$C$58) -> 18187.75 | K65: =-1*(F65*$F$8*($B$22^2-$C$58^2))*(1/2) -> 0.079174331 | L65: =-1*(1/3)*G65*$G$8*($B$22^3-$C$58^3) -> -71.992978 | M65: =-1*H65*$H$8*(1/$B$22-1/$C$58) -> 0 | O65: =SUM(J65:M65) -> 18115.836 | P65: =O65*B65*$K$6 -> 34.132441 | T65: CO2R | V65: 3.376 | W65: 0.557 | X65: 0 | Y65: -0.031 | AA65: =V65*($V$58-$V$57) -> -405.12 | AB65: =(W65*$W$8*($V$58^2-$V$57^2))*(1/2) -> -24.272946 | AC65: =(1/3)*X65*$X$8*($V$58^3-$V$57^3) -> 0 | AD65: =Y65*$Y$8*(1/$V$58-1/$V$57) -> -2.8999534 | AF65: =SUM(AA65:AD65) -> -432.2929 | AG65: ='MATERIAL BALANCE'!AJ9/(60*60*24) -> 0.00079110677 | AH65: =AF65*AG65*8.314 -> -2.8433035
P66: DH | Q66: =(Q64+Q52+Q48)+(E43*('MATERIAL BALANCE'!T14)*1000/(60*60*24)) -> -192.95971 | T66: H2O | U66: =-42.8*B173*1000 -> -294.59094 | V66: 3.47 | W66: 1.45 | X66: 0 | Y66: 0.121 | AA66: =V66*($V$58-$V$57) -> -416.4 | AB66: =(W66*$W$8*($V$58^2-$V$57^2))*(1/2) -> -63.1881 | AC66: =(1/3)*X66*$X$8*($V$58^3-$V$57^3) -> 0 | AD66: =Y66*$Y$8*(1/$V$58-1/$V$57) -> 11.319173 | AF66: =SUM(AA66:AD66) -> -468.26893 | AG66: ='MATERIAL BALANCE'!AJ10/(60*60*24) -> 0.0068829659 | AH66: =AF66*AG66*8.314 -> -26.796679
T67: INERT | V67: 20.786 | W67: 0.123 | X67: =-0.136 -> -0.136 | Y67: 0 | AA67: =V67*($V$58-$V$57) -> -2494.32 | AB67: =(W67*$W$8*($V$58^2-$V$57^2))*(1/2) -> -5.360094 | AC67: =(1/3)*X67*$X$8*($V$58^3-$V$57^3) -> 2.1718317 | AD67: =Y67*$Y$8*(1/$V$58-1/$V$57) -> 0 | AF67: =SUM(AA67:AD67) -> -2497.5083 | AG67: ='MATERIAL BALANCE'!AJ6/(60*60*24) -> 0.00022662037 | AH67: =AF67*AG67*8.314 -> -4.7056097 | AI67: =SUM(AH61:AH67)+U66 -> -599.68491 | AJ67: DH
F68: WATER GAS SHIFT
T69: COOLER | U69: (After Reactor)
A70: INPUTS | D70: del Hr | E70: =-41 -> -41
T71: Tin | U71: 450 | V71: =U71+273.15 -> 723.15
B72: 350 | C72: =273.15+B72 -> 623.15 | T72: Tout | U72: -20 | V72: =U72+273.15 -> 253.15
A73: N2 | B73: =('MATERIAL BALANCE'!X4)/(60*24*60) -> 0.019306481 | E73: 3.28 | F73: 0.593 | G73: 0 | H73: 0.04 | J73: =E73*($B$22-$C$72) -> -1066 | K73: =(F73*$F$8*($B$22^2-$C$72^2))*(1/2) -> -88.778771 | L73: =(1/3)*G73*$G$8*($B$22^3-$C$72^3) -> 0 | M73: =H73*$H$8*(1/$B$22-1/$C$72) -> 6.9970655 | O73: =SUM(J73:M73) -> -1147.7817 | P73: =O73*B73*$K$6 -> -184.23513
A74: O2 | B74: =('MATERIAL BALANCE'!X5)/(60*24*60) -> 0.0029089376 | E74: 3.639 | F74: 0.506 | G74: 0 | H74: -0.227 | J74: =E74*($B$22-$C$72) -> -1182.675 | K74: =(F74*$F$8*($B$22^2-$C$72^2))*(1/2) -> -75.753893 | L74: =(1/3)*G74*$G$8*($B$22^3-$C$72^3) -> 0 | M74: =H74*$H$8*(1/$B$22-1/$C$72) -> -39.708347 | O74: =SUM(J74:M74) -> -1298.1372 | P74: =O74*B74*$K$6 -> -31.395329
A75: CH4 | B75: =('MATERIAL BALANCE'!X7)/(60*24*60) -> 0.00024094329 | E75: 1.702 | F75: 9.081 | G75: -2.164 | H75: 0 | J75: =E75*($B$22-$C$72) -> -553.15 | K75: =(F75*$F$8*($B$22^2-$C$72^2))*(1/2) -> -1359.5279 | L75: =(1/3)*G75*$G$8*($B$22^3-$C$72^3) -> 155.42966 | M75: =H75*$H$8*(1/$B$22-1/$C$72) -> 0 | O75: =SUM(J75:M75) -> -1757.2482 | P75: =O75*B75*$K$6 -> -3.520124 | T75: N2 | V75: =V61 -> 3.28 | W75: =W61 -> 0.593 | X75: =X61 -> 0 | Y75: =Y61 -> 0.04 | AA75: =V75*($V$72-$V$71) -> -1541.6 | AB75: =W75*$W$8*($V$72^2-$V$71^2)*(1/2) -> -136.05229 | AC75: =(1/3)*X75*$X$8*($V$72^3-$V$71^3) -> 0 | AD75: =Y75*$Y$8*(1/$V$72-1/$V$71) -> 10.269553 | AF75: =SUM(AA75:AD75) -> -1667.3827 | AG75: ='MATERIAL BALANCE'!AW4/(60*60*24) -> 0.10637936 | AH75: =AF75*AG75*8.314 -> -1474.6966
A76: H2 | B76: =('MATERIAL BALANCE'!X8)/(60*24*60) -> 0.042888484 | E76: 3.249 | F76: 0.422 | G76: 0 | H76: 0.083 | J76: =E76*($B$22-$C$72) -> -1055.925 | K76: =(F76*$F$8*($B$22^2-$C$72^2))*(1/2) -> -63.178148 | L76: =(1/3)*G76*$G$8*($B$22^3-$C$72^3) -> 0 | M76: =H76*$H$8*(1/$B$22-1/$C$72) -> 14.518911 | O76: =SUM(J76:M76) -> -1104.5842 | P76: =O76*B76*$K$6 -> -393.86696 | T76: H2 | V76: =V64 -> 3.249 | W76: =W64 -> 0.422 | X76: =X64 -> 0 | Y76: =Y64 -> 0.083 | AA76: =V76*($V$72-$V$71) -> -1527.03 | AB76: =W76*$W$8*($V$72^2-$V$71^2)*(1/2) -> -96.819671 | AC76: =(1/3)*X76*$X$8*($V$72^3-$V$71^3) -> 0 | AD76: =Y76*$Y$8*(1/$V$72-1/$V$71) -> 21.309322 | AF76: =SUM(AA76:AD76) -> -1602.5403 | AG76: ='MATERIAL BALANCE'!AW5/(60*60*24) -> 0.31913807 | AH76: =AF76*AG76*8.314 -> -4252.0426
A77: CO | B77: =('MATERIAL BALANCE'!X9)/(60*24*60) -> 0.015822135 | E77: 3.376 | F77: 0.557 | G77: 0 | H77: -0.031 | J77: =E77*($B$22-$C$72) -> -1097.2 | K77: =(F77*$F$8*($B$22^2-$C$72^2))*(1/2) -> -83.389166 | L77: =(1/3)*G77*$G$8*($B$22^3-$C$72^3) -> 0 | M77: =H77*$H$8*(1/$B$22-1/$C$72) -> -5.4227258 | O77: =SUM(J77:M77) -> -1186.0119 | P77: =O77*B77*$K$6 -> -156.01421 | T77: NH3 | U77: =-23.5*B191*1000 -> -799.97277 | V77: 29.75 | W77: 2.54 | X77: =-1.226 -> -1.226 | Y77: =7.55 -> 7.55 | AA77: =V77*($V$72-$V$71) -> -13982.5 | AB77: =W77*$W$8*($V$72^2-$V$71^2)*(1/2) -> -582.75347 | AC77: =(1/3)*X77*$X$8*($V$72^3-$V$71^3) -> 147.91496 | AD77: =Y77*$Y$8*(1/$V$72-1/$V$71) -> 1938.3781 | AF77: =SUM(AA77:AD77)+U77 -> -13278.933 | AG77: ='MATERIAL BALANCE'!BG5/(60*60*24) -> 0.034041394 | AH77: =AF77*AG77*8.314 -> -3758.2057
A78: H2O | B78: =('MATERIAL BALANCE'!X10)/(60*24*60) -> 0.036945023 | E78: 3.47 | F78: 1.45 | G78: 0 | H78: 0.121 | J78: =E78*($B$22-$C$72) -> -1127.75 | K78: =(F78*$F$8*($B$22^2-$C$72^2))*(1/2) -> -217.08131 | L78: =(1/3)*G78*$G$8*($B$22^3-$C$72^3) -> 0 | M78: =H78*$H$8*(1/$B$22-1/$C$72) -> 21.166123 | O78: =SUM(J78:M78) -> -1323.6652 | P78: =O78*B78*$K$6 -> -406.57822 | Q78: =SUM(P73:P79) -> -1188.3197 | T78: INERT | V78: 20.786 | W78: 0.123 | X78: =-0.136 -> -0.136 | Y78: 0 | AA78: =V78*($V$72-$V$71) -> -9769.42 | AB78: =W78*$W$8*($V$72^2-$V$71^2)*(1/2) -> -28.219952 | AC78: =(1/3)*X78*$X$8*($V$72^3-$V$71^3) -> 16.408184 | AD78: =Y78*$Y$8*(1/$V$72-1/$V$71) -> 0 | AF78: =SUM(AA78:AD78)+U78 -> -9781.2318 | AG78: ='MATERIAL BALANCE'!AW6/(60*60*24) -> 0.001246412 | AH78: =AF78*AG78*8.314 -> -101.35967 | AI78: =SUM(AH75:AH78)+U77 -> -10386.277 | AJ78: DH
A79: INERT | B79: =('MATERIAL BALANCE'!X6)/(60*24*60) -> 0.00022662037 | E79: 20.786 | F79: 0.000123 | G79: =-0.136 -> -0.136 | H79: 0 | J79: =E79*($B$22-$C$72) -> -6755.45 | K79: =(F79*$F$8*($B$22^2-$C$72^2))*(1/2) -> -0.018414484 | L79: =(1/3)*G79*$G$8*($B$22^3-$C$72^3) -> 9.7682224 | M79: =H79*$H$8*(1/$B$22-1/$C$72) -> 0 | O79: =SUM(J79:M79) -> -6745.7002 | P79: =O79*B79*$K$6 -> -12.709721
A81: OUTPUTS
A83: WGS T | B83: 350 | C83: =273.15+B83 -> 623.15 | T83: total energy change | V83: =AI78+AI67+AI53+AI37+AI22+AI10+Q19+Q40+Q66+Q93+Q127+Q152+Q194 -> -9493.2864
A85: N2 | B85: =('MATERIAL BALANCE'!Z4)/(24*60*60) -> 0.019306481 | E85: 3.28 | F85: 0.593 | G85: 0 | H85: 0.04 | J85: =-1*E85*($B$22-$C$83) -> 1066 | K85: =-1*(F85*$F$8*($B$22^2-$C$83^2))*(1/2) -> 88.778771 | L85: =-1*(1/3)*G85*$G$8*($B$22^3-$C$83^3) -> 0 | M85: =-1*H85*$H$8*(1/$B$22-1/$C$83) -> -6.9970655 | O85: =SUM(J85:M85) -> 1147.7817 | P85: =O85*B85*$K$6 -> 184.23513
A86: O2 | B86: =('MATERIAL BALANCE'!Z5)/(24*60*60) -> 0.0029089376 | E86: 3.639 | F86: 0.506 | G86: 0 | H86: -0.227 | J86: =-1*E86*($B$22-$C$83) -> 1182.675 | K86: =-1*(F86*$F$8*($B$22^2-$C$83^2))*(1/2) -> 75.753893 | L86: =-1*(1/3)*G86*$G$8*($B$22^3-$C$83^3) -> 0 | M86: =-1*H86*$H$8*(1/$B$22-1/$C$83) -> 39.708347 | O86: =SUM(J86:M86) -> 1298.1372 | P86: =O86*B86*$K$6 -> 31.395329
A87: CH4 | B87: =('MATERIAL BALANCE'!Z7)/(24*60*60) -> 0.00024094329 | E87: 1.702 | F87: 9.081 | G87: -2.164 | H87: 0 | J87: =-1*E87*($B$22-$C$83) -> 553.15 | K87: =-1*(F87*$F$8*($B$22^2-$C$83^2))*(1/2) -> 1359.5279 | L87: =-1*(1/3)*G87*$G$8*($B$22^3-$C$83^3) -> -155.42966 | M87: =-1*H87*$H$8*(1/$B$22-1/$C$83) -> 0 | O87: =SUM(J87:M87) -> 1757.2482 | P87: =O87*B87*$K$6 -> 3.520124
A88: H2 | B88: =('MATERIAL BALANCE'!Z8)/(24*60*60) -> 0.057919512 | E88: 3.249 | F88: 0.422 | G88: 0 | H88: 0.083 | J88: =-1*E88*($B$22-$C$83) -> 1055.925 | K88: =-1*(F88*$F$8*($B$22^2-$C$83^2))*(1/2) -> 63.178148 | L88: =-1*(1/3)*G88*$G$8*($B$22^3-$C$83^3) -> 0 | M88: =-1*H88*$H$8*(1/$B$22-1/$C$83) -> -14.518911 | O88: =SUM(J88:M88) -> 1104.5842 | P88: =O88*B88*$K$6 -> 531.90462
A89: CO | B89: =('MATERIAL BALANCE'!Z9)/(24*60*60) -> 0.00079110677 | E89: 3.376 | F89: 0.557 | G89: 0 | H89: -0.031 | J89: =-1*E89*($B$22-$C$83) -> 1097.2 | K89: =-1*(F89*$F$8*($B$22^2-$C$83^2))*(1/2) -> 83.389166 | L89: =-1*(1/3)*G89*$G$8*($B$22^3-$C$83^3) -> 0 | M89: =-1*H89*$H$8*(1/$B$22-1/$C$83) -> 5.4227258 | O89: =SUM(J89:M89) -> 1186.0119 | P89: =O89*B89*$K$6 -> 7.8007106
A90: H2O | B90: =('MATERIAL BALANCE'!Z10)/(24*60*60) -> 0.021913995 | E90: 3.47 | F90: 1.45 | G90: 0 | H90: 0.121 | J90: =-1*E90*($B$22-$C$83) -> 1127.75 | K90: =-1*(F90*$F$8*($B$22^2-$C$83^2))*(1/2) -> 217.08131 | L90: =-1*(1/3)*G90*$G$8*($B$22^3-$C$83^3) -> 0 | M90: =-1*H90*$H$8*(1/$B$22-1/$C$83) -> -21.166123 | O90: =SUM(J90:M90) -> 1323.6652 | P90: =O90*B90*$K$6 -> 241.16247
A91: CO2 | B91: =('MATERIAL BALANCE'!Z11)/(24*60*60) -> 0.015031029 | E91: 5.457 | F91: 1.045 | G91: 0 | H91: -1.157 | J91: =-1*E91*($B$22-$C$83) -> 1773.525 | K91: =-1*(F91*$F$8*($B$22^2-$C$83^2))*(1/2) -> 156.44826 | L91: =-1*(1/3)*G91*$G$8*($B$22^3-$C$83^3) -> 0 | M91: =-1*H91*$H$8*(1/$B$22-1/$C$83) -> 202.39012 | O91: =SUM(J91:M91) -> 2132.3634 | P91: =O91*B91*$K$6 -> 266.47713 | Q91: =SUM(P85:P92) -> 1279.2052
A92: INERT | B92: =('MATERIAL BALANCE'!Z6)/(24*60*60) -> 0.00022662037 | E92: 20.786 | F92: 0.000123 | G92: =-0.136 -> -0.136 | H92: 0 | J92: =-1*E92*($B$22-$C$83) -> 6755.45 | K92: =-1*(F92*$F$8*($B$22^2-$C$83^2))*(1/2) -> 0.018414484 | L92: =-1*(1/3)*G92*$G$8*($B$22^3-$C$83^3) -> -9.7682224 | M92: =-1*H92*$H$8*(1/$B$22-1/$C$83) -> 0 | O92: =SUM(J92:M92) -> 6745.7002 | P92: =O92*B92*$K$6 -> 12.709721
P93: DH | Q93: =(Q91+Q78)+ (E70*('MATERIAL BALANCE'!Y14)*1000/(60*60*24)) -> -525.38665
F97: CO2 REMOVAL
A99: INPUTS
D100: del Hr | E100: =-70 -> -70
B101: 110 | C101: =273.15+B101 -> 383.15
A103: N2 | B103: =('MATERIAL BALANCE'!AC4)/(60*60*24) -> 0.019306481 | E103: 3.28 | F103: 0.593 | G103: 0 | H103: 0.04 | J103: =E103*($B$22-$C$101) -> -278.8 | K103: =(F103*$F$8*($B$22^2-$C$101^2))*(1/2) -> -17.170463 | L103: =(1/3)*G103*$G$8*($B$22^3-$C$101^3) -> 0 | M103: =H103*$H$8*(1/$B$22-1/$C$101) -> 2.9762902 | O103: =SUM(J103:M103) -> -292.99417 | P103: =O103*B103*$K$6 -> -47.029692
A104: O2 | B104: =('MATERIAL BALANCE'!AC5)/(60*60*24) -> 0.0029089376 | E104: 3.639 | F104: 0.506 | G104: 0 | H104: -0.227 | J104: =E104*($B$22-$C$101) -> -309.315 | K104: =(F104*$F$8*($B$22^2-$C$101^2))*(1/2) -> -14.651357 | L104: =(1/3)*G104*$G$8*($B$22^3-$C$101^3) -> 0 | M104: =H104*$H$8*(1/$B$22-1/$C$101) -> -16.890447 | O104: =SUM(J104:M104) -> -340.8568 | P104: =O104*B104*$K$6 -> -8.2435903
A105: CH4 | B105: =('MATERIAL BALANCE'!AC7)/(60*60*24) -> 0.00024094329 | E105: 1.702 | F105: 9.081 | G105: -2.164 | H105: 0 | J105: =E105*($B$22-$C$101) -> -144.67 | K105: =(F105*$F$8*($B$22^2-$C$101^2))*(1/2) -> -262.94263 | L105: =(1/3)*G105*$G$8*($B$22^3-$C$101^3) -> 21.45559 | M105: =H105*$H$8*(1/$B$22-1/$C$101) -> 0 | O105: =SUM(J105:M105) -> -386.15703 | P105: =O105*B105*$K$6 -> -0.77355073
A106: H2 | B106: =('MATERIAL BALANCE'!AC8)/(60*60*24) -> 0.057919512 | E106: 3.249 | F106: 0.422 | G106: 0 | H106: 0.083 | J106: =E106*($B$22-$C$101) -> -276.165 | K106: =(F106*$F$8*($B$22^2-$C$101^2))*(1/2) -> -12.219116 | L106: =(1/3)*G106*$G$8*($B$22^3-$C$101^3) -> 0 | M106: =H106*$H$8*(1/$B$22-1/$C$101) -> 6.1758022 | O106: =SUM(J106:M106) -> -282.20831 | P106: =O106*B106*$K$6 -> -135.89539
A107: CO | B107: =('MATERIAL BALANCE'!AC9)/(60*60*24) -> 0.00079110677 | E107: 3.376 | F107: 0.557 | G107: 0 | H107: -0.031 | J107: =E107*($B$22-$C$101) -> -286.96 | K107: =(F107*$F$8*($B$22^2-$C$101^2))*(1/2) -> -16.128074 | L107: =(1/3)*G107*$G$8*($B$22^3-$C$101^3) -> 0 | M107: =H107*$H$8*(1/$B$22-1/$C$101) -> -2.3066249 | O107: =SUM(J107:M107) -> -305.3947 | P107: =O107*B107*$K$6 -> -2.0086609
A108: H2O | B108: =('MATERIAL BALANCE'!AC10)/(60*60*24) -> 0.021913995 | E108: 3.47 | F108: 1.45 | G108: 0 | H108: 0.121 | J108: =E108*($B$22-$C$101) -> -294.95 | K108: =(F108*$F$8*($B$22^2-$C$101^2))*(1/2) -> -41.985112 | L108: =(1/3)*G108*$G$8*($B$22^3-$C$101^3) -> 0 | M108: =H108*$H$8*(1/$B$22-1/$C$101) -> 9.0032778 | O108: =SUM(J108:M108) -> -327.93183 | P108: =O108*B108*$K$6 -> -59.746868
A109: CO2 | B109: =('MATERIAL BALANCE'!AC11)/(60*60*24) -> 0.015031029 | E109: 5.457 | F109: 1.045 | G109: 0 | H109: -1.157 | J109: =E109*($B$22-$C$101) -> -463.845 | K109: =(F109*$F$8*($B$22^2-$C$101^2))*(1/2) -> -30.258236 | L109: =(1/3)*G109*$G$8*($B$22^3-$C$101^3) -> 0 | M109: =H109*$H$8*(1/$B$22-1/$C$101) -> -86.089194 | O109: =SUM(J109:M109) -> -580.19243 | P109: =O109*B109*$K$6 -> -72.505471
A110: INERT | B110: =('MATERIAL BALANCE'!AC6)/(60*60*24) -> 0.00022662037 | E110: 20.786 | F110: 0.000123 | G110: =-0.136 -> -0.136 | H110: 0 | J110: =E110*($B$22-$C$101) -> -1766.81 | K110: =(F110*$F$8*($B$22^2-$C$101^2))*(1/2) -> -0.0035614958 | L110: =(1/3)*G110*$G$8*($B$22^3-$C$101^3) -> 1.3484105 | M110: =H110*$H$8*(1/$B$22-1/$C$101) -> 0 | O110: =SUM(J110:M110) -> -1765.4652 | P110: =O110*B110*$K$6 -> -3.3263513
B111: 100 | C111: =273.15+B111 -> 373.15
A112: K2CO3 | B112: =('MATERIAL BALANCE'!AC12)/(60*60*24) -> 0.015031029 | E112: 0 | F112: 0 | G112: 0 | H112: 0 | J112: =E112*($B$22-$C$101) -> 0 | K112: =(F112*$F$8*($B$22^2-$C$101^2))*(1/2) -> 0 | L112: =(1/3)*G112*$G$8*($B$22^3-$C$101^3) -> 0 | M112: =H112*$H$8*(1/$B$22-1/$C$101) -> 0 | O112: =SUM(J112:M112) -> 0 | P112: =O112*B112*$K$6 -> 0 | Q112: =SUM(P103:P112) -> -329.52957
A114: OUTPUTS
A116: CO2R | B116: 110 | C116: =273.15+B116 -> 383.15
...

Sheet Sheet1
